Automobile & Transport,https://sourcing.hktdc.com/en/Categories/a4fa468de39e11ea883f06c82c63b760/Automobile-Transport,Aircraft Parts,https://sourcing.hktdc.com/en/Product-Catalog/Aircraft-Parts-a5d10527e39e11ea883f06c82c63b760/1,,,,,,,,,,,,,,,,,,,,,,,,,,,,,,,,,,,,,,,,,,,,,,,,,,,,,,,,,,,,,,
Automobile & Transport,https://sourcing.hktdc.com/en/Categories/a4fa468de39e11ea883f06c82c63b760/Automobile-Transport,Automobile Electronics,https://sourcing.hktdc.com/en/Product-Catalog/Automobile-Electronics-a65830dce39e11ea883f06c82c63b760/1,Car Amplifiers,https://sourcing.hktdc.com/en/Product-Catalog/Car-Amplifiers-a79ddb5ce39e11ea883f06c82c63b760/1,Car Audio & Video Systems,https://sourcing.hktdc.com/en/Product-Catalog/Car-Audio-Video-Systems-a7e10716e39e11ea883f06c82c63b760/1,Car Cameras,https://sourcing.hktdc.com/en/Product-Catalog/Car-Cameras-40be7dab03a011eb87db0ed83e6b562a/1,Car Lighting,https://sourcing.hktdc.com/en/Product-Catalog/Car-Lighting-a9c5695ae39e11ea883f06c82c63b760/1,Global Positioning Systems,https://sourcing.hktdc.com/en/Product-Catalog/Global-Positioning-Systems-aae97b55e39e11ea883f06c82c63b760/1,,,,,,,,,,,,,,,,,,,,,,,,,,,,,,,,,,,,,,,,,,,,,,,,,,,,
Automobile & Transport,https://sourcing.hktdc.com/en/Categories/a4fa468de39e11ea883f06c82c63b760/Automobile-Transport,Automobile Parts & Accessories,https://sourcing.hktdc.com/en/Product-Catalog/Automobile-Parts-Accessories-abe462b3e39e11ea883f06c82c63b760/1,Car Air Fresheners & Purifiers,https://sourcing.hktdc.com/en/Product-Catalog/Car-Air-Fresheners-Purifiers-af33cdaae39e11ea883f06c82c63b760/1,Car Antennas,https://sourcing.hktdc.com/en/Product-Catalog/Car-Antennas-b01bc467e39e11ea883f06c82c63b760/1,Car Batteries,https://sourcing.hktdc.com/en/Product-Catalog/Car-Batteries-b0965901e39e11ea883f06c82c63b760/1,Car Mats,https://sourcing.hktdc.com/en/Product-Catalog/Car-Mats-b1905b13e39e11ea883f06c82c63b760/1,Car Mirrors,https://sourcing.hktdc.com/en/Product-Catalog/Car-Mirrors-b23f0aafe39e11ea883f06c82c63b760/1,Car Organizers,https://sourcing.hktdc.com/en/Product-Catalog/Car-Organizers-b3949127e39e11ea883f06c82c63b760/1,Car Phone Holders,https://sourcing.hktdc.com/en/Product-Catalog/Car-Phone-Holders-b423937be39e11ea883f06c82c63b760/1,Car Sun Shades,https://sourcing.hktdc.com/en/Product-Catalog/Car-Sun-Shades-b4aa5598e39e11ea883f06c82c63b760/1,Seat Covers & Cushions,https://sourcing.hktdc.com/en/Product-Catalog/Seat-Covers-Cushions-b53ff22ee39e11ea883f06c82c63b760/1,Tires & Wheels,https://sourcing.hktdc.com/en/Product-Catalog/Tires-Wheels-b619aae4e39e11ea883f06c82c63b760/1,,,,,,,,,,,,,,,,,,,,,,,,,,,,,,,,,,,,,,,,,,
Automobile & Transport,https://sourcing.hktdc.com/en/Categories/a4fa468de39e11ea883f06c82c63b760/Automobile-Transport,Automobile Security & Safety,https://sourcing.hktdc.com/en/Product-Catalog/Automobile-Security-Safety-b8843adbe39e11ea883f06c82c63b760/1,Car Alarms & Sirens,https://sourcing.hktdc.com/en/Product-Catalog/Car-Alarms-Sirens-b903aaa7e39e11ea883f06c82c63b760/1,Car Locks,https://sourcing.hktdc.com/en/Product-Catalog/Car-Locks-b968e31ce39e11ea883f06c82c63b760/1,Child Seats,https://sourcing.hktdc.com/en/Product-Catalog/Child-Seats-b9fceccfe39e11ea883f06c82c63b760/1,Road Safety Equipment,https://sourcing.hktdc.com/en/Product-Catalog/Road-Safety-Equipment-baaf7fd6e39e11ea883f06c82c63b760/1,,,,,,,,,,,,,,,,,,,,,,,,,,,,,,,,,,,,,,,,,,,,,,,,,,,,,,
Automobile & Transport,https://sourcing.hktdc.com/en/Categories/a4fa468de39e11ea883f06c82c63b760/Automobile-Transport,Motorcycle Parts & Accessories,https://sourcing.hktdc.com/en/Product-Catalog/Motorcycle-Parts-Accessories-bb5e5871e39e11ea883f06c82c63b760/1,,,,,,,,,,,,,,,,,,,,,,,,,,,,,,,,,,,,,,,,,,,,,,,,,,,,,,,,,,,,,,
Electronics,https://sourcing.hktdc.com/en/Categories/bc655e0ae39e11ea883f06c82c63b760/Electronics,Consumer Electronics,https://sourcing.hktdc.com/en/Product-Catalog/Consumer-Electronics-bd77c1bde39e11ea883f06c82c63b760/1,Batteries,https://sourcing.hktdc.com/en/Product-Catalog/Batteries-c3b39929e39e11ea883f06c82c63b760/1,Cables & Accessories,https://sourcing.hktdc.com/en/Product-Catalog/Cables-Accessories-c60b6529e39e11ea883f06c82c63b760/1,Camera & Accessories,https://sourcing.hktdc.com/en/Product-Catalog/Camera-Accessories-c8d40a2de39e11ea883f06c82c63b760/1,Computers & Peripherals,https://sourcing.hktdc.com/en/Product-Catalog/Computers-Peripherals-cb960d1ce39e11ea883f06c82c63b760/1,Headphones & Earphones,https://sourcing.hktdc.com/en/Product-Catalog/Headphones-Earphones-d36f1b7de39e11ea883f06c82c63b760/1,"Home Audio, Video & Entertainment Systems",https://sourcing.hktdc.com/en/Product-Catalog/Home-Audio-Video-Entertainment-Systems-d51e83c4e39e11ea883f06c82c63b760/1,"Mobile Phones, Tablets & Digital Accessories",https://sourcing.hktdc.com/en/Product-Catalog/Mobile-Phones-Tablets-Digital-Accessories-dab8b743e39e11ea883f06c82c63b760/1,Office Supplies,https://sourcing.hktdc.com/en/Product-Catalog/Office-Supplies-e6b96a27e39e11ea883f06c82c63b760/1,Portable Media Players,https://sourcing.hktdc.com/en/Product-Catalog/Portable-Media-Players-e7fc1c70e39e11ea883f06c82c63b760/1,Security & Surveillance,https://sourcing.hktdc.com/en/Product-Catalog/Security-Surveillance-e8fdffd8e39e11ea883f06c82c63b760/1,Video Game Equipments,https://sourcing.hktdc.com/en/Product-Catalog/Video-Game-Equipments-eae691ace39e11ea883f06c82c63b760/1,Wearable Technologies,https://sourcing.hktdc.com/en/Product-Catalog/Wearable-Technologies-ec2d47d0e39e11ea883f06c82c63b760/1,,,,,,,,,,,,,,,,,,,,,,,,,,,,,,,,,,,,,,
Electronics,https://sourcing.hktdc.com/en/Categories/bc655e0ae39e11ea883f06c82c63b760/Electronics,Home Appliances,https://sourcing.hktdc.com/en/Product-Catalog/Home-Appliances-edc3a2d0e39e11ea883f06c82c63b760/1,"Air Conditioners, Fans & Coolers",https://sourcing.hktdc.com/en/Product-Catalog/Air-Conditioners-Fans-Coolers-ef4b3232e39e11ea883f06c82c63b760/1,Heaters & Warmers,https://sourcing.hktdc.com/en/Product-Catalog/Heaters-Warmers-f13648bae39e11ea883f06c82c63b760/1,Kitchen/ Cooking Appliances & Accessories,https://sourcing.hktdc.com/en/Product-Catalog/Kitchen-Cooking-Appliances-Accessories-f1b5736fe39e11ea883f06c82c63b760/1,Laundry Appliances,https://sourcing.hktdc.com/en/Product-Catalog/Laundry-Appliances-fe407b1ee39e11ea883f06c82c63b760/1,Refrigerators/ Freezers,https://sourcing.hktdc.com/en/Product-Catalog/Refrigerators-Freezers-fedcc694e39e11ea883f06c82c63b760/1,Vacuum Cleaners,https://sourcing.hktdc.com/en/Product-Catalog/Vacuum-Cleaners-ff72e8c4e39e11ea883f06c82c63b760/1,,,,,,,,,,,,,,,,,,,,,,,,,,,,,,,,,,,,,,,,,,,,,,,,,,
Electronics,https://sourcing.hktdc.com/en/Categories/bc655e0ae39e11ea883f06c82c63b760/Electronics,Internet of Things,https://sourcing.hktdc.com/en/Product-Catalog/Internet-of-Things-fff6eda3e39e11ea883f06c82c63b760/1,Access Control System,https://sourcing.hktdc.com/en/Product-Catalog/Access-Control-System-fff98b92e39e11ea883f06c82c63b760/1,Security & Surveillances,https://sourcing.hktdc.com/en/Product-Catalog/Security-Surveillances-0031c702e39f11ea883f06c82c63b760/1,,,,,,,,,,,,,,,,,,,,,,,,,,,,,,,,,,,,,,,,,,,,,,,,,,,,,,,,,,
Electronics,https://sourcing.hktdc.com/en/Categories/bc655e0ae39e11ea883f06c82c63b760/Electronics,"Parts, Components & Electrical Supplies",https://sourcing.hktdc.com/en/Product-Catalog/Parts-Components-Electrical-Supplies-00537980e39f11ea883f06c82c63b760/1,,,,,,,,,,,,,,,,,,,,,,,,,,,,,,,,,,,,,,,,,,,,,,,,,,,,,,,,,,,,,,
Electronics,https://sourcing.hktdc.com/en/Categories/bc655e0ae39e11ea883f06c82c63b760/Electronics,"Parts, Components & Raw Materials",https://sourcing.hktdc.com/en/Product-Catalog/Parts-Components-Raw-Materials-02045375e39f11ea883f06c82c63b760/1,Active Components,https://sourcing.hktdc.com/en/Product-Catalog/Active-Components-043faf61e39f11ea883f06c82c63b760/1,Casing & Enclosures,https://sourcing.hktdc.com/en/Product-Catalog/Casing-Enclosures-05c8d07de39f11ea883f06c82c63b760/1,Optoelectronic Displays,https://sourcing.hktdc.com/en/Product-Catalog/Optoelectronic-Displays-0612456fe39f11ea883f06c82c63b760/1,Passive Components,https://sourcing.hktdc.com/en/Product-Catalog/Passive-Components-069a7537e39f11ea883f06c82c63b760/1,,,,,,,,,,,,,,,,,,,,,,,,,,,,,,,,,,,,,,,,,,,,,,,,,,,,,,
Electronics,https://sourcing.hktdc.com/en/Categories/bc655e0ae39e11ea883f06c82c63b760/Electronics,"Parts, Electrical Electronic Supplies",https://sourcing.hktdc.com/en/Product-Catalog/Parts-Electrical-Electronic-Supplies-08523149e39f11ea883f06c82c63b760/1,,,,,,,,,,,,,,,,,,,,,,,,,,,,,,,,,,,,,,,,,,,,,,,,,,,,,,,,,,,,,,
Electronics,https://sourcing.hktdc.com/en/Categories/bc655e0ae39e11ea883f06c82c63b760/Electronics,"Scientific, Testing & Laboratory Equipments",https://sourcing.hktdc.com/en/Product-Catalog/Scientific-Testing-Laboratory-Equipments-08e151c3e39f11ea883f06c82c63b760/1,Tester,https://sourcing.hktdc.com/en/Product-Catalog/Tester-0b213231e39f11ea883f06c82c63b760/1,,,,,,,,,,,,,,,,,,,,,,,,,,,,,,,,,,,,,,,,,,,,,,,,,,,,,,,,,,,,
Electronics,https://sourcing.hktdc.com/en/Categories/bc655e0ae39e11ea883f06c82c63b760/Electronics,Telecommunication,https://sourcing.hktdc.com/en/Product-Catalog/Telecommunication-0bdd08bfe39f11ea883f06c82c63b760/1,Antennas,https://sourcing.hktdc.com/en/Product-Catalog/Antennas-0dd87154e39f11ea883f06c82c63b760/1,Communication Cables,https://sourcing.hktdc.com/en/Product-Catalog/Communication-Cables-0e325f6ce39f11ea883f06c82c63b760/1,Phones,https://sourcing.hktdc.com/en/Product-Catalog/Phones-0ebed3e9e39f11ea883f06c82c63b760/1,,,,,,,,,,,,,,,,,,,,,,,,,,,,,,,,,,,,,,,,,,,,,,,,,,,,,,,,
"Fashion, Clothing & Accessories",https://sourcing.hktdc.com/en/Categories/0f60a7abe39f11ea883f06c82c63b760/Fashion-Clothing-Accessories,"Bags, Handbags & Accessories",https://sourcing.hktdc.com/en/Product-Catalog/Bags-Handbags-Accessories-0f6e750de39f11ea883f06c82c63b760/1,Backpacks,https://sourcing.hktdc.com/en/Product-Catalog/Backpacks-107288f0e39f11ea883f06c82c63b760/1,"Camera, Laptop & Digital Gadgets Bags",https://sourcing.hktdc.com/en/Product-Catalog/Camera-Laptop-Digital-Gadgets-Bags-10ecde42e39f11ea883f06c82c63b760/1,Cosmetic Bags,https://sourcing.hktdc.com/en/Product-Catalog/Cosmetic-Bags-12a37e9be39f11ea883f06c82c63b760/1,Duffels,https://sourcing.hktdc.com/en/Product-Catalog/Duffels-12d2f59de39f11ea883f06c82c63b760/1,Handbags,https://sourcing.hktdc.com/en/Product-Catalog/Handbags-12ff08b2e39f11ea883f06c82c63b760/1,Messenger Bags,https://sourcing.hktdc.com/en/Product-Catalog/Messenger-Bags-147a4b68e39f11ea883f06c82c63b760/1,Parts & Small Components,https://sourcing.hktdc.com/en/Product-Catalog/Parts-Small-Components-15308ff3e39f11ea883f06c82c63b760/1,Shopping Bags,https://sourcing.hktdc.com/en/Product-Catalog/Shopping-Bags-1596e7dce39f11ea883f06c82c63b760/1,Sports & Leisure Bags,https://sourcing.hktdc.com/en/Product-Catalog/Sports-Leisure-Bags-178cf5d6e39f11ea883f06c82c63b760/1,Totes,https://sourcing.hktdc.com/en/Product-Catalog/Totes-1959b271e39f11ea883f06c82c63b760/1,"Travel Bags, Suitcases & Luggages",https://sourcing.hktdc.com/en/Product-Catalog/Travel-Bags-Suitcases-Luggages-1b3bae0fe39f11ea883f06c82c63b760/1,"Wallets, Purses & Card Holders",https://sourcing.hktdc.com/en/Product-Catalog/Wallets-Purses-Card-Holders-1bff7f87e39f11ea883f06c82c63b760/1,,,,,,,,,,,,,,,,,,,,,,,,,,,,,,,,,,,,,,
"Fashion, Clothing & Accessories",https://sourcing.hktdc.com/en/Categories/0f60a7abe39f11ea883f06c82c63b760/Fashion-Clothing-Accessories,Clothing/ Garments,https://sourcing.hktdc.com/en/Product-Catalog/Clothing-Garments-1ce1779fe39f11ea883f06c82c63b760/1,Bibs,https://sourcing.hktdc.com/en/Product-Catalog/Bibs-20f27a1ae39f11ea883f06c82c63b760/1,Dresses,https://sourcing.hktdc.com/en/Product-Catalog/Dresses-2142a309e39f11ea883f06c82c63b760/1,Functional Wear,https://sourcing.hktdc.com/en/Product-Catalog/Functional-Wear-26e1255be39f11ea883f06c82c63b760/1,Garment Display Supplies,https://sourcing.hktdc.com/en/Product-Catalog/Garment-Display-Supplies-89cd4b12e39f11ea883f06c82c63b760/1,"Jackets, Coats, Blazers & Vests",https://sourcing.hktdc.com/en/Product-Catalog/Jackets-Coats-Blazers-Vests-2dc53f07e39f11ea883f06c82c63b760/1,"Jeans, Pants & Trousers",https://sourcing.hktdc.com/en/Product-Catalog/Jeans-Pants-Trousers-56f005aee39f11ea883f06c82c63b760/1,Occasion Wear,https://sourcing.hktdc.com/en/Product-Catalog/Occasion-Wear-5d8a20b3e39f11ea883f06c82c63b760/1,Onesies,https://sourcing.hktdc.com/en/Product-Catalog/Onesies-5f42f7b8e39f11ea883f06c82c63b760/1,Parts & Accessories,https://sourcing.hktdc.com/en/Product-Catalog/Parts-Accessories-8ae4ec9de39f11ea883f06c82c63b760/1,Shorts,https://sourcing.hktdc.com/en/Product-Catalog/Shorts-5f794ba9e39f11ea883f06c82c63b760/1,Skirts,https://sourcing.hktdc.com/en/Product-Catalog/Skirts-66ee355be39f11ea883f06c82c63b760/1,"Socks, Legwears & Hosiery",https://sourcing.hktdc.com/en/Product-Catalog/Socks-Legwears-Hosiery-a59cbc2ae39f11ea883f06c82c63b760/1,"Sweaters, Hoodies & Pullovers",https://sourcing.hktdc.com/en/Product-Catalog/Sweaters-Hoodies-Pullovers-6d0370e6e39f11ea883f06c82c63b760/1,Swimwears,https://sourcing.hktdc.com/en/Product-Catalog/Swimwears-71d27192e39f11ea883f06c82c63b760/1,"Tops, Tee Shirts & Blouses",https://sourcing.hktdc.com/en/Product-Catalog/Tops-Tee-Shirts-Blouses-732d9536e39f11ea883f06c82c63b760/1,Underwears & Sleep and Lounge Wears,https://sourcing.hktdc.com/en/Product-Catalog/Underwears-Sleep-and-Lounge-Wears-7e552e3ee39f11ea883f06c82c63b760/1,,,,,,,,,,,,,,,,,,,,,,,,,,,,,,
"Fashion, Clothing & Accessories",https://sourcing.hktdc.com/en/Categories/0f60a7abe39f11ea883f06c82c63b760/Fashion-Clothing-Accessories,Eyewear & Accessories,https://sourcing.hktdc.com/en/Product-Catalog/Eyewear-Accessories-a704f298e39f11ea883f06c82c63b760/1,Contact Lenses & Accessories,https://sourcing.hktdc.com/en/Product-Catalog/Contact-Lenses-Accessories-a740c95be39f11ea883f06c82c63b760/1,Eyewear Parts,https://sourcing.hktdc.com/en/Product-Catalog/Eyewear-Parts-a79085d2e39f11ea883f06c82c63b760/1,Reading & Optical Glasses,https://sourcing.hktdc.com/en/Product-Catalog/Reading-Optical-Glasses-a94bd1a1e39f11ea883f06c82c63b760/1,Safety Glasses,https://sourcing.hktdc.com/en/Product-Catalog/Safety-Glasses-a9d978f6e39f11ea883f06c82c63b760/1,Spectacle Cases & Pouches,https://sourcing.hktdc.com/en/Product-Catalog/Spectacle-Cases-Pouches-a9f5a9b8e39f11ea883f06c82c63b760/1,Spectacle Holders & Displays,https://sourcing.hktdc.com/en/Product-Catalog/Spectacle-Holders-Displays-aa2fef22e39f11ea883f06c82c63b760/1,Sunglasses,https://sourcing.hktdc.com/en/Product-Catalog/Sunglasses-aa743648e39f11ea883f06c82c63b760/1,,,,,,,,,,,,,,,,,,,,,,,,,,,,,,,,,,,,,,,,,,,,,,,,
"Fashion, Clothing & Accessories",https://sourcing.hktdc.com/en/Categories/0f60a7abe39f11ea883f06c82c63b760/Fashion-Clothing-Accessories,Fashion Accessories,https://sourcing.hktdc.com/en/Product-Catalog/Fashion-Accessories-aaec5ad7e39f11ea883f06c82c63b760/1,Belts & Suspenders,https://sourcing.hktdc.com/en/Product-Catalog/Belts-Suspenders-ad34b3a7e39f11ea883f06c82c63b760/1,"Cuff Links, Tie Clips & Studs",https://sourcing.hktdc.com/en/Product-Catalog/Cuff-Links-Tie-Clips-Studs-ade62b73e39f11ea883f06c82c63b760/1,Earmuffs,https://sourcing.hktdc.com/en/Product-Catalog/Earmuffs-ae580cb6e39f11ea883f06c82c63b760/1,Gloves & Mittens,https://sourcing.hktdc.com/en/Product-Catalog/Gloves-Mittens-ae9b8e7ee39f11ea883f06c82c63b760/1,Hair Accessories,https://sourcing.hktdc.com/en/Product-Catalog/Hair-Accessories-b069e92ce39f11ea883f06c82c63b760/1,Handkerchiefs,https://sourcing.hktdc.com/en/Product-Catalog/Handkerchiefs-b0f27a9de39f11ea883f06c82c63b760/1,"Hats, Caps & Beanies",https://sourcing.hktdc.com/en/Product-Catalog/Hats-Caps-Beanies-b1822ae4e39f11ea883f06c82c63b760/1,"Jackets, Coats, Blazers & vest",https://sourcing.hktdc.com/en/Product-Catalog/Jackets-Coats-Blazers-vest-b405113be39f11ea883f06c82c63b760/1,"Scarves, Shawls, Stoles & Wraps",https://sourcing.hktdc.com/en/Product-Catalog/Scarves-Shawls-Stoles-Wraps-b4477047e39f11ea883f06c82c63b760/1,Ties,https://sourcing.hktdc.com/en/Product-Catalog/Ties-b5f6bd98e39f11ea883f06c82c63b760/1,,,,,,,,,,,,,,,,,,,,,,,,,,,,,,,,,,,,,,,,,,
"Fashion, Clothing & Accessories",https://sourcing.hktdc.com/en/Categories/0f60a7abe39f11ea883f06c82c63b760/Fashion-Clothing-Accessories,Shoes & Accessories,https://sourcing.hktdc.com/en/Product-Catalog/Shoes-Accessories-b6c52568e39f11ea883f06c82c63b760/1,Baby Shoes,https://sourcing.hktdc.com/en/Product-Catalog/Baby-Shoes-bd7a2c9be39f11ea883f06c82c63b760/1,Boots,https://sourcing.hktdc.com/en/Product-Catalog/Boots-be4c6bbbe39f11ea883f06c82c63b760/1,Functional Shoes,https://sourcing.hktdc.com/en/Product-Catalog/Functional-Shoes-c12071d7e39f11ea883f06c82c63b760/1,"Sandals, Flip Flops & Slippers",https://sourcing.hktdc.com/en/Product-Catalog/Sandals-Flip-Flops-Slippers-c2484e96e39f11ea883f06c82c63b760/1,Shoe Care/ Repairing Kits & Equipment,https://sourcing.hktdc.com/en/Product-Catalog/Shoe-Care-Repairing-Kits-Equipment-c7f791a3e39f11ea883f06c82c63b760/1,Shoe Parts,https://sourcing.hktdc.com/en/Product-Catalog/Shoe-Parts-c871cc7de39f11ea883f06c82c63b760/1,Sports Shoes,https://sourcing.hktdc.com/en/Product-Catalog/Sports-Shoes-c906d16ae39f11ea883f06c82c63b760/1,,,,,,,,,,,,,,,,,,,,,,,,,,,,,,,,,,,,,,,,,,,,,,,,
"Fashion, Clothing & Accessories",https://sourcing.hktdc.com/en/Categories/0f60a7abe39f11ea883f06c82c63b760/Fashion-Clothing-Accessories,"Socks, Legwears & Hosiery",https://sourcing.hktdc.com/en/Product-Catalog/Socks-Legwears-Hosiery-ca49ec39e39f11ea883f06c82c63b760/1,,,,,,,,,,,,,,,,,,,,,,,,,,,,,,,,,,,,,,,,,,,,,,,,,,,,,,,,,,,,,,
"Fashion, Clothing & Accessories",https://sourcing.hktdc.com/en/Categories/0f60a7abe39f11ea883f06c82c63b760/Fashion-Clothing-Accessories,"Textiles, Fabrics & Yarns",https://sourcing.hktdc.com/en/Product-Catalog/Textiles-Fabrics-Yarns-ca8b7a0ae39f11ea883f06c82c63b760/1,Fabrics,https://sourcing.hktdc.com/en/Product-Catalog/Fabrics-cd510201e39f11ea883f06c82c63b760/1,Home Textiles,https://sourcing.hktdc.com/en/Product-Catalog/Home-Textiles-cb387e95e39f11ea883f06c82c63b760/1,Woven Fabrics,https://sourcing.hktdc.com/en/Product-Catalog/Woven-Fabrics-d1f5b292e39f11ea883f06c82c63b760/1,Yarns,https://sourcing.hktdc.com/en/Product-Catalog/Yarns-d518d38be39f11ea883f06c82c63b760/1,,,,,,,,,,,,,,,,,,,,,,,,,,,,,,,,,,,,,,,,,,,,,,,,,,,,,,
Food & Beverage,https://sourcing.hktdc.com/en/Categories/d53b86f8e39f11ea883f06c82c63b760/Food-Beverage,Alcoholic Beverages,https://sourcing.hktdc.com/en/Product-Catalog/Alcoholic-Beverages-d54a3a8ae39f11ea883f06c82c63b760/1,Beer,https://sourcing.hktdc.com/en/Product-Catalog/Beer-d5b242c8e39f11ea883f06c82c63b760/1,Champagne,https://sourcing.hktdc.com/en/Product-Catalog/Champagne-d5fcab1de39f11ea883f06c82c63b760/1,Fruit Wine,https://sourcing.hktdc.com/en/Product-Catalog/Fruit-Wine-d65221fbe39f11ea883f06c82c63b760/1,Ice Wine,https://sourcing.hktdc.com/en/Product-Catalog/Ice-Wine-d69b4dece39f11ea883f06c82c63b760/1,Liqueurs & Fortified Wine,https://sourcing.hktdc.com/en/Product-Catalog/Liqueurs-Fortified-Wine-d6ee4f8ee39f11ea883f06c82c63b760/1,Liquors,https://sourcing.hktdc.com/en/Product-Catalog/Liquors-d73150b5e39f11ea883f06c82c63b760/1,Red Wine,https://sourcing.hktdc.com/en/Product-Catalog/Red-Wine-d78fd69ce39f11ea883f06c82c63b760/1,Rice Wine,https://sourcing.hktdc.com/en/Product-Catalog/Rice-Wine-d7f4334fe39f11ea883f06c82c63b760/1,Ros�,https://sourcing.hktdc.com/en/Product-Catalog/Ros�-d845ae7be39f11ea883f06c82c63b760/1,Sparkling Wine,https://sourcing.hktdc.com/en/Product-Catalog/Sparkling-Wine-d8964e52e39f11ea883f06c82c63b760/1,Spirits,https://sourcing.hktdc.com/en/Product-Catalog/Spirits-d8e9bdd3e39f11ea883f06c82c63b760/1,White Wine,https://sourcing.hktdc.com/en/Product-Catalog/White-Wine-d998e5cae39f11ea883f06c82c63b760/1,,,,,,,,,,,,,,,,,,,,,,,,,,,,,,,,,,,,,,
Food & Beverage,https://sourcing.hktdc.com/en/Categories/d53b86f8e39f11ea883f06c82c63b760/Food-Beverage,Beverages,https://sourcing.hktdc.com/en/Product-Catalog/Beverages-d9f61691e39f11ea883f06c82c63b760/1,"Coffee, Tea & Cocoa",https://sourcing.hktdc.com/en/Product-Catalog/Coffee-Tea-Cocoa-da9d5bb7e39f11ea883f06c82c63b760/1,"Dairy Milks, Plant Milks & Powdered Formula",https://sourcing.hktdc.com/en/Product-Catalog/Dairy-Milks-Plant-Milks-Powdered-Formula-dc510fe5e39f11ea883f06c82c63b760/1,Fruit Juices,https://sourcing.hktdc.com/en/Product-Catalog/Fruit-Juices-dca40c73e39f11ea883f06c82c63b760/1,Soft Drinks,https://sourcing.hktdc.com/en/Product-Catalog/Soft-Drinks-dcebbfa9e39f11ea883f06c82c63b760/1,,,,,,,,,,,,,,,,,,,,,,,,,,,,,,,,,,,,,,,,,,,,,,,,,,,,,,
Food & Beverage,https://sourcing.hktdc.com/en/Categories/d53b86f8e39f11ea883f06c82c63b760/Food-Beverage,Food,https://sourcing.hktdc.com/en/Product-Catalog/Food-dd38ba2be39f11ea883f06c82c63b760/1,Baby Food,https://sourcing.hktdc.com/en/Product-Catalog/Baby-Food-ddb61ca6e39f11ea883f06c82c63b760/1,Confectionary & Snacks,https://sourcing.hktdc.com/en/Product-Catalog/Confectionary-Snacks-deab13d0e39f11ea883f06c82c63b760/1,Dairy & Egg Products,https://sourcing.hktdc.com/en/Product-Catalog/Dairy-Egg-Products-e058d842e39f11ea883f06c82c63b760/1,Food Processing Services,https://sourcing.hktdc.com/en/Product-Catalog/Food-Processing-Services-e0dc87aee39f11ea883f06c82c63b760/1,Fruits & Vegetables,https://sourcing.hktdc.com/en/Product-Catalog/Fruits-Vegetables-e0fa31fde39f11ea883f06c82c63b760/1,Grain Products,https://sourcing.hktdc.com/en/Product-Catalog/Grain-Products-e21688f9e39f11ea883f06c82c63b760/1,"Honey, Jams & Sweet Spreads",https://sourcing.hktdc.com/en/Product-Catalog/Honey-Jams-Sweet-Spreads-e2f32ca7e39f11ea883f06c82c63b760/1,Instant Food,https://sourcing.hktdc.com/en/Product-Catalog/Instant-Food-e3299e45e39f11ea883f06c82c63b760/1,Meat & Poultry,https://sourcing.hktdc.com/en/Product-Catalog/Meat-Poultry-e377347de39f11ea883f06c82c63b760/1,Pet Food,https://sourcing.hktdc.com/en/Product-Catalog/Pet-Food-e4430da3e39f11ea883f06c82c63b760/1,Seafood,https://sourcing.hktdc.com/en/Product-Catalog/Seafood-e4ac1655e39f11ea883f06c82c63b760/1,Seasonings & Condiments,https://sourcing.hktdc.com/en/Product-Catalog/Seasonings-Condiments-e56104dce39f11ea883f06c82c63b760/1,,,,,,,,,,,,,,,,,,,,,,,,,,,,,,,,,,,,,,
"Gifts, Toys & Sports Supplies",https://sourcing.hktdc.com/en/Categories/e695ad74e39f11ea883f06c82c63b760/Gifts-Toys-Sports-Supplies,Action Figures,https://sourcing.hktdc.com/en/Product-Catalog/Action-Figures-ebdd38b3e39f11ea883f06c82c63b760/1,,,,,,,,,,,,,,,,,,,,,,,,,,,,,,,,,,,,,,,,,,,,,,,,,,,,,,,,,,,,,,
"Gifts, Toys & Sports Supplies",https://sourcing.hktdc.com/en/Categories/e695ad74e39f11ea883f06c82c63b760/Gifts-Toys-Sports-Supplies,Art & Collectibles,https://sourcing.hktdc.com/en/Product-Catalog/Art-Collectibles-ec639d95e39f11ea883f06c82c63b760/1,,,,,,,,,,,,,,,,,,,,,,,,,,,,,,,,,,,,,,,,,,,,,,,,,,,,,,,,,,,,,,
"Gifts, Toys & Sports Supplies",https://sourcing.hktdc.com/en/Categories/e695ad74e39f11ea883f06c82c63b760/Gifts-Toys-Sports-Supplies,Arts & Crafts,https://sourcing.hktdc.com/en/Product-Catalog/Arts-Crafts-ece851d3e39f11ea883f06c82c63b760/1,,,,,,,,,,,,,,,,,,,,,,,,,,,,,,,,,,,,,,,,,,,,,,,,,,,,,,,,,,,,,,
"Gifts, Toys & Sports Supplies",https://sourcing.hktdc.com/en/Categories/e695ad74e39f11ea883f06c82c63b760/Gifts-Toys-Sports-Supplies,Augmented Reality (AR),https://sourcing.hktdc.com/en/Product-Catalog/Augmented-Reality-AR--ee11549ee39f11ea883f06c82c63b760/1,,,,,,,,,,,,,,,,,,,,,,,,,,,,,,,,,,,,,,,,,,,,,,,,,,,,,,,,,,,,,,
"Gifts, Toys & Sports Supplies",https://sourcing.hktdc.com/en/Categories/e695ad74e39f11ea883f06c82c63b760/Gifts-Toys-Sports-Supplies,Awards,https://sourcing.hktdc.com/en/Product-Catalog/Awards-ee4781bfe39f11ea883f06c82c63b760/1,,,,,,,,,,,,,,,,,,,,,,,,,,,,,,,,,,,,,,,,,,,,,,,,,,,,,,,,,,,,,,
"Gifts, Toys & Sports Supplies",https://sourcing.hktdc.com/en/Categories/e695ad74e39f11ea883f06c82c63b760/Gifts-Toys-Sports-Supplies,Baby Toys,https://sourcing.hktdc.com/en/Product-Catalog/Baby-Toys-eeb67d88e39f11ea883f06c82c63b760/1,,,,,,,,,,,,,,,,,,,,,,,,,,,,,,,,,,,,,,,,,,,,,,,,,,,,,,,,,,,,,,
"Gifts, Toys & Sports Supplies",https://sourcing.hktdc.com/en/Categories/e695ad74e39f11ea883f06c82c63b760/Gifts-Toys-Sports-Supplies,Balloons,https://sourcing.hktdc.com/en/Product-Catalog/Balloons-f020e22be39f11ea883f06c82c63b760/1,,,,,,,,,,,,,,,,,,,,,,,,,,,,,,,,,,,,,,,,,,,,,,,,,,,,,,,,,,,,,,
"Gifts, Toys & Sports Supplies",https://sourcing.hktdc.com/en/Categories/e695ad74e39f11ea883f06c82c63b760/Gifts-Toys-Sports-Supplies,Beach Toys,https://sourcing.hktdc.com/en/Product-Catalog/Beach-Toys-f03ac39ae39f11ea883f06c82c63b760/1,,,,,,,,,,,,,,,,,,,,,,,,,,,,,,,,,,,,,,,,,,,,,,,,,,,,,,,,,,,,,,
"Gifts, Toys & Sports Supplies",https://sourcing.hktdc.com/en/Categories/e695ad74e39f11ea883f06c82c63b760/Gifts-Toys-Sports-Supplies,Bubble Guns & Water Guns,https://sourcing.hktdc.com/en/Product-Catalog/Bubble-Guns-Water-Guns-f079afc5e39f11ea883f06c82c63b760/1,,,,,,,,,,,,,,,,,,,,,,,,,,,,,,,,,,,,,,,,,,,,,,,,,,,,,,,,,,,,,,
"Gifts, Toys & Sports Supplies",https://sourcing.hktdc.com/en/Categories/e695ad74e39f11ea883f06c82c63b760/Gifts-Toys-Sports-Supplies,Darts,https://sourcing.hktdc.com/en/Product-Catalog/Darts-f0e28072e39f11ea883f06c82c63b760/1,,,,,,,,,,,,,,,,,,,,,,,,,,,,,,,,,,,,,,,,,,,,,,,,,,,,,,,,,,,,,,
"Gifts, Toys & Sports Supplies",https://sourcing.hktdc.com/en/Categories/e695ad74e39f11ea883f06c82c63b760/Gifts-Toys-Sports-Supplies,Dolls,https://sourcing.hktdc.com/en/Product-Catalog/Dolls-f1279f20e39f11ea883f06c82c63b760/1,Dolls Accessories,https://sourcing.hktdc.com/en/Product-Catalog/Dolls-Accessories-f1931434e39f11ea883f06c82c63b760/1,Dolls Clothes,https://sourcing.hktdc.com/en/Product-Catalog/Dolls-Clothes-f1c2dd4ee39f11ea883f06c82c63b760/1,Dolls House & Furniture,https://sourcing.hktdc.com/en/Product-Catalog/Dolls-House-Furniture-f210f9eee39f11ea883f06c82c63b760/1,Dolls Strollers,https://sourcing.hktdc.com/en/Product-Catalog/Dolls-Strollers-f25bb95be39f11ea883f06c82c63b760/1,,,,,,,,,,,,,,,,,,,,,,,,,,,,,,,,,,,,,,,,,,,,,,,,,,,,,,
"Gifts, Toys & Sports Supplies",https://sourcing.hktdc.com/en/Categories/e695ad74e39f11ea883f06c82c63b760/Gifts-Toys-Sports-Supplies,Educational Toys,https://sourcing.hktdc.com/en/Product-Catalog/Educational-Toys-f29a50d7e39f11ea883f06c82c63b760/1,Blocks,https://sourcing.hktdc.com/en/Product-Catalog/Blocks-f3693e12e39f11ea883f06c82c63b760/1,Puzzles,https://sourcing.hktdc.com/en/Product-Catalog/Puzzles-f3c17247e39f11ea883f06c82c63b760/1,"STEM, STEAM & STREAM Toys",https://sourcing.hktdc.com/en/Product-Catalog/STEM-STEAM-STREAM-Toys-f325c41ee39f11ea883f06c82c63b760/1,Table & Card Games,https://sourcing.hktdc.com/en/Product-Catalog/Table-Card-Games-f4588f72e39f11ea883f06c82c63b760/1,Toy Musical Instruments,https://sourcing.hktdc.com/en/Product-Catalog/Toy-Musical-Instruments-f503727ce39f11ea883f06c82c63b760/1,,,,,,,,,,,,,,,,,,,,,,,,,,,,,,,,,,,,,,,,,,,,,,,,,,,,
"Gifts, Toys & Sports Supplies",https://sourcing.hktdc.com/en/Categories/e695ad74e39f11ea883f06c82c63b760/Gifts-Toys-Sports-Supplies,Festive Supplies,https://sourcing.hktdc.com/en/Product-Catalog/Festive-Supplies-f5447533e39f11ea883f06c82c63b760/1,,,,,,,,,,,,,,,,,,,,,,,,,,,,,,,,,,,,,,,,,,,,,,,,,,,,,,,,,,,,,,
"Gifts, Toys & Sports Supplies",https://sourcing.hktdc.com/en/Categories/e695ad74e39f11ea883f06c82c63b760/Gifts-Toys-Sports-Supplies,Fidget Spinners,https://sourcing.hktdc.com/en/Product-Catalog/Fidget-Spinners-fa9fda9ce39f11ea883f06c82c63b760/1,,,,,,,,,,,,,,,,,,,,,,,,,,,,,,,,,,,,,,,,,,,,,,,,,,,,,,,,,,,,,,
"Gifts, Toys & Sports Supplies",https://sourcing.hktdc.com/en/Categories/e695ad74e39f11ea883f06c82c63b760/Gifts-Toys-Sports-Supplies,Gambling Games,https://sourcing.hktdc.com/en/Product-Catalog/Gambling-Games-fae5ba24e39f11ea883f06c82c63b760/1,Dice,https://sourcing.hktdc.com/en/Product-Catalog/Dice-fb0d0949e39f11ea883f06c82c63b760/1,Domino Sets,https://sourcing.hktdc.com/en/Product-Catalog/Domino-Sets-fb556fd0e39f11ea883f06c82c63b760/1,Gambling Accessories,https://sourcing.hktdc.com/en/Product-Catalog/Gambling-Accessories-fb8f295ae39f11ea883f06c82c63b760/1,Mahjong,https://sourcing.hktdc.com/en/Product-Catalog/Mahjong-fbdac92de39f11ea883f06c82c63b760/1,Playing Cards,https://sourcing.hktdc.com/en/Product-Catalog/Playing-Cards-fc17cff8e39f11ea883f06c82c63b760/1,,,,,,,,,,,,,,,,,,,,,,,,,,,,,,,,,,,,,,,,,,,,,,,,,,,,
"Gifts, Toys & Sports Supplies",https://sourcing.hktdc.com/en/Categories/e695ad74e39f11ea883f06c82c63b760/Gifts-Toys-Sports-Supplies,Game Tables,https://sourcing.hktdc.com/en/Product-Catalog/Game-Tables-fc504245e39f11ea883f06c82c63b760/1,Air Hockey Tables,https://sourcing.hktdc.com/en/Product-Catalog/Air-Hockey-Tables-fc6c230ee39f11ea883f06c82c63b760/1,Table Footballs,https://sourcing.hktdc.com/en/Product-Catalog/Table-Footballs-fca0f07be39f11ea883f06c82c63b760/1,,,,,,,,,,,,,,,,,,,,,,,,,,,,,,,,,,,,,,,,,,,,,,,,,,,,,,,,,,
"Gifts, Toys & Sports Supplies",https://sourcing.hktdc.com/en/Categories/e695ad74e39f11ea883f06c82c63b760/Gifts-Toys-Sports-Supplies,Gift Packaging,https://sourcing.hktdc.com/en/Product-Catalog/Gift-Packaging-fcd83080e39f11ea883f06c82c63b760/1,,,,,,,,,,,,,,,,,,,,,,,,,,,,,,,,,,,,,,,,,,,,,,,,,,,,,,,,,,,,,,
"Gifts, Toys & Sports Supplies",https://sourcing.hktdc.com/en/Categories/e695ad74e39f11ea883f06c82c63b760/Gifts-Toys-Sports-Supplies,Gift Sets,https://sourcing.hktdc.com/en/Product-Catalog/Gift-Sets-ffd8f7b0e39f11ea883f06c82c63b760/1,,,,,,,,,,,,,,,,,,,,,,,,,,,,,,,,,,,,,,,,,,,,,,,,,,,,,,,,,,,,,,
"Gifts, Toys & Sports Supplies",https://sourcing.hktdc.com/en/Categories/e695ad74e39f11ea883f06c82c63b760/Gifts-Toys-Sports-Supplies,Gifts / Souvenirs,https://sourcing.hktdc.com/en/Product-Catalog/Gifts-Souvenirs-01a163f8e3a011ea883f06c82c63b760/1,,,,,,,,,,,,,,,,,,,,,,,,,,,,,,,,,,,,,,,,,,,,,,,,,,,,,,,,,,,,,,
"Gifts, Toys & Sports Supplies",https://sourcing.hktdc.com/en/Categories/e695ad74e39f11ea883f06c82c63b760/Gifts-Toys-Sports-Supplies,Inflatable Toys,https://sourcing.hktdc.com/en/Product-Catalog/Inflatable-Toys-038531dee3a011ea883f06c82c63b760/1,,,,,,,,,,,,,,,,,,,,,,,,,,,,,,,,,,,,,,,,,,,,,,,,,,,,,,,,,,,,,,
"Gifts, Toys & Sports Supplies",https://sourcing.hktdc.com/en/Categories/e695ad74e39f11ea883f06c82c63b760/Gifts-Toys-Sports-Supplies,Kites,https://sourcing.hktdc.com/en/Product-Catalog/Kites-0421f5a9e3a011ea883f06c82c63b760/1,,,,,,,,,,,,,,,,,,,,,,,,,,,,,,,,,,,,,,,,,,,,,,,,,,,,,,,,,,,,,,
"Gifts, Toys & Sports Supplies",https://sourcing.hktdc.com/en/Categories/e695ad74e39f11ea883f06c82c63b760/Gifts-Toys-Sports-Supplies,Party Supplies,https://sourcing.hktdc.com/en/Product-Catalog/Party-Supplies-0464bc8be3a011ea883f06c82c63b760/1,,,,,,,,,,,,,,,,,,,,,,,,,,,,,,,,,,,,,,,,,,,,,,,,,,,,,,,,,,,,,,
"Gifts, Toys & Sports Supplies",https://sourcing.hktdc.com/en/Categories/e695ad74e39f11ea883f06c82c63b760/Gifts-Toys-Sports-Supplies,"Play Tents, Houses & Tunnels",https://sourcing.hktdc.com/en/Product-Catalog/Play-Tents-Houses-Tunnels-062b88dfe3a011ea883f06c82c63b760/1,,,,,,,,,,,,,,,,,,,,,,,,,,,,,,,,,,,,,,,,,,,,,,,,,,,,,,,,,,,,,,
"Gifts, Toys & Sports Supplies",https://sourcing.hktdc.com/en/Categories/e695ad74e39f11ea883f06c82c63b760/Gifts-Toys-Sports-Supplies,Playground Equipment,https://sourcing.hktdc.com/en/Product-Catalog/Playground-Equipment-067f59f5e3a011ea883f06c82c63b760/1,,,,,,,,,,,,,,,,,,,,,,,,,,,,,,,,,,,,,,,,,,,,,,,,,,,,,,,,,,,,,,
"Gifts, Toys & Sports Supplies",https://sourcing.hktdc.com/en/Categories/e695ad74e39f11ea883f06c82c63b760/Gifts-Toys-Sports-Supplies,Plush & Stuffed Toys,https://sourcing.hktdc.com/en/Product-Catalog/Plush-Stuffed-Toys-06b3ed67e3a011ea883f06c82c63b760/1,Teddy Bears,https://sourcing.hktdc.com/en/Product-Catalog/Teddy-Bears-06f05724e3a011ea883f06c82c63b760/1,,,,,,,,,,,,,,,,,,,,,,,,,,,,,,,,,,,,,,,,,,,,,,,,,,,,,,,,,,,,
"Gifts, Toys & Sports Supplies",https://sourcing.hktdc.com/en/Categories/e695ad74e39f11ea883f06c82c63b760/Gifts-Toys-Sports-Supplies,Religious Items & Crafts,https://sourcing.hktdc.com/en/Product-Catalog/Religious-Items-Crafts-073071b0e3a011ea883f06c82c63b760/1,,,,,,,,,,,,,,,,,,,,,,,,,,,,,,,,,,,,,,,,,,,,,,,,,,,,,,,,,,,,,,
"Gifts, Toys & Sports Supplies",https://sourcing.hktdc.com/en/Categories/e695ad74e39f11ea883f06c82c63b760/Gifts-Toys-Sports-Supplies,Ride-On Toys,https://sourcing.hktdc.com/en/Product-Catalog/Ride-On-Toys-07c99072e3a011ea883f06c82c63b760/1,Children Bicycles & Tricycles,https://sourcing.hktdc.com/en/Product-Catalog/Children-Bicycles-Tricycles-07e859f1e3a011ea883f06c82c63b760/1,Ride-On Cars,https://sourcing.hktdc.com/en/Product-Catalog/Ride-On-Cars-08596e35e3a011ea883f06c82c63b760/1,Rocking Toys,https://sourcing.hktdc.com/en/Product-Catalog/Rocking-Toys-088b204ee3a011ea883f06c82c63b760/1,Scooters,https://sourcing.hktdc.com/en/Product-Catalog/Scooters-08bd97a4e3a011ea883f06c82c63b760/1,,,,,,,,,,,,,,,,,,,,,,,,,,,,,,,,,,,,,,,,,,,,,,,,,,,,,,
"Gifts, Toys & Sports Supplies",https://sourcing.hktdc.com/en/Categories/e695ad74e39f11ea883f06c82c63b760/Gifts-Toys-Sports-Supplies,Smokers' Accessories,https://sourcing.hktdc.com/en/Product-Catalog/Smokers-Accessories-09114dace3a011ea883f06c82c63b760/1,,,,,,,,,,,,,,,,,,,,,,,,,,,,,,,,,,,,,,,,,,,,,,,,,,,,,,,,,,,,,,
"Gifts, Toys & Sports Supplies",https://sourcing.hktdc.com/en/Categories/e695ad74e39f11ea883f06c82c63b760/Gifts-Toys-Sports-Supplies,Sports Supplies,https://sourcing.hktdc.com/en/Product-Catalog/Sports-Supplies-09ad8619e3a011ea883f06c82c63b760/1,American Football,https://sourcing.hktdc.com/en/Product-Catalog/American-Football-0bf75e33e3a011ea883f06c82c63b760/1,Archery,https://sourcing.hktdc.com/en/Product-Catalog/Archery-0c072ad7e3a011ea883f06c82c63b760/1,Athletics,https://sourcing.hktdc.com/en/Product-Catalog/Athletics-0c1521a4e3a011ea883f06c82c63b760/1,Baseball,https://sourcing.hktdc.com/en/Product-Catalog/Baseball-0c650a8fe3a011ea883f06c82c63b760/1,Basketball,https://sourcing.hktdc.com/en/Product-Catalog/Basketball-0c8f91dbe3a011ea883f06c82c63b760/1,Bowling,https://sourcing.hktdc.com/en/Product-Catalog/Bowling-0ca1ee17e3a011ea883f06c82c63b760/1,Camping & Picnic,https://sourcing.hktdc.com/en/Product-Catalog/Camping-Picnic-0cb4671de3a011ea883f06c82c63b760/1,Cycling,https://sourcing.hktdc.com/en/Product-Catalog/Cycling-0e142f40e3a011ea883f06c82c63b760/1,Dart,https://sourcing.hktdc.com/en/Product-Catalog/Dart-10390fa9e3a011ea883f06c82c63b760/1,Equestrain,https://sourcing.hktdc.com/en/Product-Catalog/Equestrain-10464537e3a011ea883f06c82c63b760/1,Fencing,https://sourcing.hktdc.com/en/Product-Catalog/Fencing-10563ba7e3a011ea883f06c82c63b760/1,Fishing,https://sourcing.hktdc.com/en/Product-Catalog/Fishing-106174ade3a011ea883f06c82c63b760/1,Fitness & Body Building,https://sourcing.hktdc.com/en/Product-Catalog/Fitness-Body-Building-10a15aafe3a011ea883f06c82c63b760/1,Football/ Soccer,https://sourcing.hktdc.com/en/Product-Catalog/Football-Soccer-1144d390e3a011ea883f06c82c63b760/1,Golf,https://sourcing.hktdc.com/en/Product-Catalog/Golf-11599859e3a011ea883f06c82c63b760/1,Handball,https://sourcing.hktdc.com/en/Product-Catalog/Handball-11e2567fe3a011ea883f06c82c63b760/1,Hockey,https://sourcing.hktdc.com/en/Product-Catalog/Hockey-11f1378be3a011ea883f06c82c63b760/1,Karting & Racing,https://sourcing.hktdc.com/en/Product-Catalog/Karting-Racing-11fed053e3a011ea883f06c82c63b760/1,Martial Arts,https://sourcing.hktdc.com/en/Product-Catalog/Martial-Arts-12159fc3e3a011ea883f06c82c63b760/1,Mountaineering & Climbing,https://sourcing.hktdc.com/en/Product-Catalog/Mountaineering-Climbing-124d6453e3a011ea883f06c82c63b760/1,Paragliding,https://sourcing.hktdc.com/en/Product-Catalog/Paragliding-12810c76e3a011ea883f06c82c63b760/1,Racquet,https://sourcing.hktdc.com/en/Product-Catalog/Racquet-128ffdace3a011ea883f06c82c63b760/1,Rugby,https://sourcing.hktdc.com/en/Product-Catalog/Rugby-12c96018e3a011ea883f06c82c63b760/1,Shooting,https://sourcing.hktdc.com/en/Product-Catalog/Shooting-12dd23d2e3a011ea883f06c82c63b760/1,Skating,https://sourcing.hktdc.com/en/Product-Catalog/Skating-1344b0c3e3a011ea883f06c82c63b760/1,Snookers & Billiards,https://sourcing.hktdc.com/en/Product-Catalog/Snookers-Billiards-138bf3dfe3a011ea883f06c82c63b760/1,Softball,https://sourcing.hktdc.com/en/Product-Catalog/Softball-139ed8ece3a011ea883f06c82c63b760/1,Swimming,https://sourcing.hktdc.com/en/Product-Catalog/Swimming-13af39ffe3a011ea883f06c82c63b760/1,Volleyball,https://sourcing.hktdc.com/en/Product-Catalog/Volleyball-147132cbe3a011ea883f06c82c63b760/1,Water Sports,https://sourcing.hktdc.com/en/Product-Catalog/Water-Sports-147e7502e3a011ea883f06c82c63b760/1,Winter Sports,https://sourcing.hktdc.com/en/Product-Catalog/Winter-Sports-14c465d6e3a011ea883f06c82c63b760/1
"Gifts, Toys & Sports Supplies",https://sourcing.hktdc.com/en/Categories/e695ad74e39f11ea883f06c82c63b760/Gifts-Toys-Sports-Supplies,Toy Sporting Goods,https://sourcing.hktdc.com/en/Product-Catalog/Toy-Sporting-Goods-15270123e3a011ea883f06c82c63b760/1,Balls,https://sourcing.hktdc.com/en/Product-Catalog/Balls-156d5fe1e3a011ea883f06c82c63b760/1,,,,,,,,,,,,,,,,,,,,,,,,,,,,,,,,,,,,,,,,,,,,,,,,,,,,,,,,,,,,
"Gifts, Toys & Sports Supplies",https://sourcing.hktdc.com/en/Categories/e695ad74e39f11ea883f06c82c63b760/Gifts-Toys-Sports-Supplies,Toy Vehicles,https://sourcing.hktdc.com/en/Product-Catalog/Toy-Vehicles-15b12a03e3a011ea883f06c82c63b760/1,Boats & Ships,https://sourcing.hktdc.com/en/Product-Catalog/Boats-Ships-15d06f39e3a011ea883f06c82c63b760/1,Cars & Trucks,https://sourcing.hktdc.com/en/Product-Catalog/Cars-Trucks-16269d78e3a011ea883f06c82c63b760/1,Drones,https://sourcing.hktdc.com/en/Product-Catalog/Drones-168b5073e3a011ea883f06c82c63b760/1,Helicopters & Planes,https://sourcing.hktdc.com/en/Product-Catalog/Helicopters-Planes-16f0d80be3a011ea883f06c82c63b760/1,Karting Sets,https://sourcing.hktdc.com/en/Product-Catalog/Karting-Sets-1747ad9be3a011ea883f06c82c63b760/1,Trains,https://sourcing.hktdc.com/en/Product-Catalog/Trains-178f7447e3a011ea883f06c82c63b760/1,,,,,,,,,,,,,,,,,,,,,,,,,,,,,,,,,,,,,,,,,,,,,,,,,,
"Gifts, Toys & Sports Supplies",https://sourcing.hktdc.com/en/Categories/e695ad74e39f11ea883f06c82c63b760/Gifts-Toys-Sports-Supplies,Video Games & Accessories,https://sourcing.hktdc.com/en/Product-Catalog/Video-Games-Accessories-17d1cedfe3a011ea883f06c82c63b760/1,,,,,,,,,,,,,,,,,,,,,,,,,,,,,,,,,,,,,,,,,,,,,,,,,,,,,,,,,,,,,,
"Gifts, Toys & Sports Supplies",https://sourcing.hktdc.com/en/Categories/e695ad74e39f11ea883f06c82c63b760/Gifts-Toys-Sports-Supplies,Virtual Reality (VR),https://sourcing.hktdc.com/en/Product-Catalog/Virtual-Reality-VR--1824ede6e3a011ea883f06c82c63b760/1,,,,,,,,,,,,,,,,,,,,,,,,,,,,,,,,,,,,,,,,,,,,,,,,,,,,,,,,,,,,,,
"Gifts, Toys & Sports Supplies",https://sourcing.hktdc.com/en/Categories/e695ad74e39f11ea883f06c82c63b760/Gifts-Toys-Sports-Supplies,Wedding Gifts & Accessories,https://sourcing.hktdc.com/en/Product-Catalog/Wedding-Gifts-Accessories-18534a58e3a011ea883f06c82c63b760/1,,,,,,,,,,,,,,,,,,,,,,,,,,,,,,,,,,,,,,,,,,,,,,,,,,,,,,,,,,,,,,
"Health, Beauty and Baby Care",https://sourcing.hktdc.com/en/Categories/18a5ba9ae3a011ea883f06c82c63b760/Health-Beauty-and-Baby-Care,Baby Care & Nursery,https://sourcing.hktdc.com/en/Product-Catalog/Baby-Care-Nursery-18c4475ae3a011ea883f06c82c63b760/1,Baby Carriers,https://sourcing.hktdc.com/en/Product-Catalog/Baby-Carriers-1b8cd153e3a011ea883f06c82c63b760/1,Baby Safety Gates,https://sourcing.hktdc.com/en/Product-Catalog/Baby-Safety-Gates-1bcc6ce5e3a011ea883f06c82c63b760/1,Beddings,https://sourcing.hktdc.com/en/Product-Catalog/Beddings-1c08232ce3a011ea883f06c82c63b760/1,Feeding Supplies,https://sourcing.hktdc.com/en/Product-Catalog/Feeding-Supplies-1ceb1eb6e3a011ea883f06c82c63b760/1,"Pacifiers, Soothers & Teethers",https://sourcing.hktdc.com/en/Product-Catalog/Pacifiers-Soothers-Teethers-1e476ebfe3a011ea883f06c82c63b760/1,Safety Locks,https://sourcing.hktdc.com/en/Product-Catalog/Safety-Locks-1ed98db3e3a011ea883f06c82c63b760/1,Stroller/ Push Chair,https://sourcing.hktdc.com/en/Product-Catalog/Stroller-Push-Chair-1f1ebba8e3a011ea883f06c82c63b760/1,,,,,,,,,,,,,,,,,,,,,,,,,,,,,,,,,,,,,,,,,,,,,,,,
"Health, Beauty and Baby Care",https://sourcing.hktdc.com/en/Categories/18a5ba9ae3a011ea883f06c82c63b760/Health-Beauty-and-Baby-Care,Beauty Supplies,https://sourcing.hktdc.com/en/Product-Catalog/Beauty-Supplies-1fab85a5e3a011ea883f06c82c63b760/1,Cosmetics,https://sourcing.hktdc.com/en/Product-Catalog/Cosmetics-1fafaf0ce3a011ea883f06c82c63b760/1,Hair Styling Tools & Appliances,https://sourcing.hktdc.com/en/Product-Catalog/Hair-Styling-Tools-Appliances-21680fb5e3a011ea883f06c82c63b760/1,,,,,,,,,,,,,,,,,,,,,,,,,,,,,,,,,,,,,,,,,,,,,,,,,,,,,,,,,,
"Health, Beauty and Baby Care",https://sourcing.hktdc.com/en/Categories/18a5ba9ae3a011ea883f06c82c63b760/Health-Beauty-and-Baby-Care,Health Care & Medical Supplies,https://sourcing.hktdc.com/en/Product-Catalog/Health-Care-Medical-Supplies-224e1f5be3a011ea883f06c82c63b760/1,Dental Equipment,https://sourcing.hktdc.com/en/Product-Catalog/Dental-Equipment-25d0517ce3a011ea883f06c82c63b760/1,Health & Nutrition Supplements,https://sourcing.hktdc.com/en/Product-Catalog/Health-Nutrition-Supplements-26c85b94e3a011ea883f06c82c63b760/1,Healthcare Devices,https://sourcing.hktdc.com/en/Product-Catalog/Healthcare-Devices-284baea8e3a011ea883f06c82c63b760/1,Medical Consumable,https://sourcing.hktdc.com/en/Product-Catalog/Medical-Consumable-29775026e3a011ea883f06c82c63b760/1,Medicines & Medicinal Raw Materials,https://sourcing.hktdc.com/en/Product-Catalog/Medicines-Medicinal-Raw-Materials-2ba92e3ce3a011ea883f06c82c63b760/1,Professional Medical & Clinical Apparatus,https://sourcing.hktdc.com/en/Product-Catalog/Professional-Medical-Clinical-Apparatus-2caccb23e3a011ea883f06c82c63b760/1,Surgical Instruments,https://sourcing.hktdc.com/en/Product-Catalog/Surgical-Instruments-303b6c4ae3a011ea883f06c82c63b760/1,,,,,,,,,,,,,,,,,,,,,,,,,,,,,,,,,,,,,,,,,,,,,,,,
"Health, Beauty and Baby Care",https://sourcing.hktdc.com/en/Categories/18a5ba9ae3a011ea883f06c82c63b760/Health-Beauty-and-Baby-Care,Personal Care,https://sourcing.hktdc.com/en/Product-Catalog/Personal-Care-30fcf1f0e3a011ea883f06c82c63b760/1,Bath Supplies,https://sourcing.hktdc.com/en/Product-Catalog/Bath-Supplies-33d68884e3a011ea883f06c82c63b760/1,Hair Care & Equipment,https://sourcing.hktdc.com/en/Product-Catalog/Hair-Care-Equipment-35d15df5e3a011ea883f06c82c63b760/1,Massager,https://sourcing.hktdc.com/en/Product-Catalog/Massager-36adc2b0e3a011ea883f06c82c63b760/1,Maternity Supplies,https://sourcing.hktdc.com/en/Product-Catalog/Maternity-Supplies-378bea10e3a011ea883f06c82c63b760/1,"Napkins, Sanitary Pads & Diapers",https://sourcing.hktdc.com/en/Product-Catalog/Napkins-Sanitary-Pads-Diapers-38ee0159e3a011ea883f06c82c63b760/1,Oral Hygiene,https://sourcing.hktdc.com/en/Product-Catalog/Oral-Hygiene-3938396ae3a011ea883f06c82c63b760/1,"Skin Care, Shaving & Hair Removal",https://sourcing.hktdc.com/en/Product-Catalog/Skin-Care-Shaving-Hair-Removal-39a8dc52e3a011ea883f06c82c63b760/1,,,,,,,,,,,,,,,,,,,,,,,,,,,,,,,,,,,,,,,,,,,,,,,,
"Home Products, Lights & Constructions",https://sourcing.hktdc.com/en/Categories/3be405d3e3a011ea883f06c82c63b760/Home-Products-Lights-Constructions,Building Materials & Supplies,https://sourcing.hktdc.com/en/Product-Catalog/Building-Materials-Supplies-3bf958dde3a011ea883f06c82c63b760/1,Doors & Windows Accessories,https://sourcing.hktdc.com/en/Product-Catalog/Doors-Windows-Accessories-41098bc2e3a011ea883f06c82c63b760/1,"Faucets, Taps & Showerheads",https://sourcing.hktdc.com/en/Product-Catalog/Faucets-Taps-Showerheads-42d6a7e3e3a011ea883f06c82c63b760/1,Mirrors,https://sourcing.hktdc.com/en/Product-Catalog/Mirrors-43c0c6cce3a011ea883f06c82c63b760/1,Paints,https://sourcing.hktdc.com/en/Product-Catalog/Paints-4404553ce3a011ea883f06c82c63b760/1,"Tiles, Flooring & Covering",https://sourcing.hktdc.com/en/Product-Catalog/Tiles-Flooring-Covering-448f94d6e3a011ea883f06c82c63b760/1,,,,,,,,,,,,,,,,,,,,,,,,,,,,,,,,,,,,,,,,,,,,,,,,,,,,
"Home Products, Lights & Constructions",https://sourcing.hktdc.com/en/Categories/3be405d3e3a011ea883f06c82c63b760/Home-Products-Lights-Constructions,Environmental Protection,https://sourcing.hktdc.com/en/Product-Catalog/Environmental-Protection-464d0665e3a011ea883f06c82c63b760/1,Air Quality Control,https://sourcing.hktdc.com/en/Product-Catalog/Air-Quality-Control-472f33c9e3a011ea883f06c82c63b760/1,Biodegradable Products,https://sourcing.hktdc.com/en/Product-Catalog/Biodegradable-Products-477b309ce3a011ea883f06c82c63b760/1,Green Building Supplies,https://sourcing.hktdc.com/en/Product-Catalog/Green-Building-Supplies-47ae3bb8e3a011ea883f06c82c63b760/1,Recycled Products,https://sourcing.hktdc.com/en/Product-Catalog/Recycled-Products-47e34323e3a011ea883f06c82c63b760/1,Solar Energy Goods,https://sourcing.hktdc.com/en/Product-Catalog/Solar-Energy-Goods-48824afce3a011ea883f06c82c63b760/1,Waste Management,https://sourcing.hktdc.com/en/Product-Catalog/Waste-Management-49829570e3a011ea883f06c82c63b760/1,Water Treatment,https://sourcing.hktdc.com/en/Product-Catalog/Water-Treatment-49fc6d14e3a011ea883f06c82c63b760/1,,,,,,,,,,,,,,,,,,,,,,,,,,,,,,,,,,,,,,,,,,,,,,,,
"Home Products, Lights & Constructions",https://sourcing.hktdc.com/en/Categories/3be405d3e3a011ea883f06c82c63b760/Home-Products-Lights-Constructions,Furniture & Parts,https://sourcing.hktdc.com/en/Product-Catalog/Furniture-Parts-4a59492ae3a011ea883f06c82c63b760/1,Bathroom Furniture,https://sourcing.hktdc.com/en/Product-Catalog/Bathroom-Furniture-4c520a56e3a011ea883f06c82c63b760/1,Bedroom Furniture,https://sourcing.hktdc.com/en/Product-Catalog/Bedroom-Furniture-4c838604e3a011ea883f06c82c63b760/1,Dining Room Furniture,https://sourcing.hktdc.com/en/Product-Catalog/Dining-Room-Furniture-4cc74e9de3a011ea883f06c82c63b760/1,Display Fixture,https://sourcing.hktdc.com/en/Product-Catalog/Display-Fixture-4badd2d8cdb54dbba1ced1b2665a57db/1,Inflatable Furniture,https://sourcing.hktdc.com/en/Product-Catalog/Inflatable-Furniture-4cfe0892e3a011ea883f06c82c63b760/1,Kids' Furniture,https://sourcing.hktdc.com/en/Product-Catalog/Kids-Furniture-4d27585ce3a011ea883f06c82c63b760/1,Living Room Furniture,https://sourcing.hktdc.com/en/Product-Catalog/Living-Room-Furniture-4d4b344ee3a011ea883f06c82c63b760/1,Office & Commercial Furniture,https://sourcing.hktdc.com/en/Product-Catalog/Office-Commercial-Furniture-4e54dc49e3a011ea883f06c82c63b760/1,Outdoor Furniture,https://sourcing.hktdc.com/en/Product-Catalog/Outdoor-Furniture-4f177084e3a011ea883f06c82c63b760/1,,,,,,,,,,,,,,,,,,,,,,,,,,,,,,,,,,,,,,,,,,,,
"Home Products, Lights & Constructions",https://sourcing.hktdc.com/en/Categories/3be405d3e3a011ea883f06c82c63b760/Home-Products-Lights-Constructions,Hardwares (Tools & Parts),https://sourcing.hktdc.com/en/Product-Catalog/Hardwares-Tools-Parts--4f95ce9ae3a011ea883f06c82c63b760/1,Locks,https://sourcing.hktdc.com/en/Product-Catalog/Locks-523e7c0fe3a011ea883f06c82c63b760/1,Nails,https://sourcing.hktdc.com/en/Product-Catalog/Nails-53572769e3a011ea883f06c82c63b760/1,Screws,https://sourcing.hktdc.com/en/Product-Catalog/Screws-52e1e2bfe3a011ea883f06c82c63b760/1,,,,,,,,,,,,,,,,,,,,,,,,,,,,,,,,,,,,,,,,,,,,,,,,,,,,,,,,
"Home Products, Lights & Constructions",https://sourcing.hktdc.com/en/Categories/3be405d3e3a011ea883f06c82c63b760/Home-Products-Lights-Constructions,Homeware & Lifestyle Essentials,https://sourcing.hktdc.com/en/Product-Catalog/Homeware-Lifestyle-Essentials-53e3bb7ce3a011ea883f06c82c63b760/1,Bathroom Fixtures & Accessories,https://sourcing.hktdc.com/en/Product-Catalog/Bathroom-Fixtures-Accessories-71f2f5c0e3a011ea883f06c82c63b760/1,Cleaning Chemicals & Equipment,https://sourcing.hktdc.com/en/Product-Catalog/Cleaning-Chemicals-Equipment-7326e168e3a011ea883f06c82c63b760/1,Garden Decorations & Supplies,https://sourcing.hktdc.com/en/Product-Catalog/Garden-Decorations-Supplies-74ad30bde3a011ea883f06c82c63b760/1,Home D�cor,https://sourcing.hktdc.com/en/Product-Catalog/Home-D�cor-75f39207e3a011ea883f06c82c63b760/1,Home Storage & Organization,https://sourcing.hktdc.com/en/Product-Catalog/Home-Storage-Organization-76ec8519e3a011ea883f06c82c63b760/1,Home Textiles,https://sourcing.hktdc.com/en/Product-Catalog/Home-Textiles-7826fc1de3a011ea883f06c82c63b760/1,Household Sundries,https://sourcing.hktdc.com/en/Product-Catalog/Household-Sundries-78f0f633e3a011ea883f06c82c63b760/1,Kitchenware,https://sourcing.hktdc.com/en/Product-Catalog/Kitchenware-7e51ec4ae3a011ea883f06c82c63b760/1,Pets & Pet Supplies,https://sourcing.hktdc.com/en/Product-Catalog/Pets-Pet-Supplies-83810a12e3a011ea883f06c82c63b760/1,Tableware & Barware,https://sourcing.hktdc.com/en/Product-Catalog/Tableware-Barware-888c0e7be3a011ea883f06c82c63b760/1,Travel Goods,https://sourcing.hktdc.com/en/Product-Catalog/Travel-Goods-8f15ce35e3a011ea883f06c82c63b760/1,,,,,,,,,,,,,,,,,,,,,,,,,,,,,,,,,,,,,,,,
"Home Products, Lights & Constructions",https://sourcing.hktdc.com/en/Categories/3be405d3e3a011ea883f06c82c63b760/Home-Products-Lights-Constructions,Lights,https://sourcing.hktdc.com/en/Product-Catalog/Lights-90d5ba86e3a011ea883f06c82c63b760/1,Chandeliers & Pendant Lights,https://sourcing.hktdc.com/en/Product-Catalog/Chandeliers-Pendant-Lights-9237a238e3a011ea883f06c82c63b760/1,Emergency Lighting,https://sourcing.hktdc.com/en/Product-Catalog/Emergency-Lighting-928d99f0e3a011ea883f06c82c63b760/1,Festive & Decorative Lighting,https://sourcing.hktdc.com/en/Product-Catalog/Festive-Decorative-Lighting-93dd9d95e3a011ea883f06c82c63b760/1,Indoor Lighting,https://sourcing.hktdc.com/en/Product-Catalog/Indoor-Lighting-9490437be3a011ea883f06c82c63b760/1,Light Bulbs & Tubes,https://sourcing.hktdc.com/en/Product-Catalog/Light-Bulbs-Tubes-97d7770ce3a011ea883f06c82c63b760/1,Lighting Accessories & Parts,https://sourcing.hktdc.com/en/Product-Catalog/Lighting-Accessories-Parts-99d19c86e3a011ea883f06c82c63b760/1,Outdoor Lighting,https://sourcing.hktdc.com/en/Product-Catalog/Outdoor-Lighting-9b7184a0e3a011ea883f06c82c63b760/1,Professional Lighting,https://sourcing.hktdc.com/en/Product-Catalog/Professional-Lighting-9dfb1758e3a011ea883f06c82c63b760/1,,,,,,,,,,,,,,,,,,,,,,,,,,,,,,,,,,,,,,,,,,,,,,
"Industrial Machinery, Parts & Raw Materials",https://sourcing.hktdc.com/en/Categories/a03722d3e3a011ea883f06c82c63b760/Industrial-Machinery-Parts-Raw-Materials,Agricultural Machinery & Equipment,https://sourcing.hktdc.com/en/Product-Catalog/Agricultural-Machinery-Equipment-a1baa29ce3a011ea883f06c82c63b760/1,,,,,,,,,,,,,,,,,,,,,,,,,,,,,,,,,,,,,,,,,,,,,,,,,,,,,,,,,,,,,,
"Industrial Machinery, Parts & Raw Materials",https://sourcing.hktdc.com/en/Categories/a03722d3e3a011ea883f06c82c63b760/Industrial-Machinery-Parts-Raw-Materials,Apparel & Textile Machines,https://sourcing.hktdc.com/en/Product-Catalog/Apparel-Textile-Machines-a2271bc5e3a011ea883f06c82c63b760/1,,,,,,,,,,,,,,,,,,,,,,,,,,,,,,,,,,,,,,,,,,,,,,,,,,,,,,,,,,,,,,
"Industrial Machinery, Parts & Raw Materials",https://sourcing.hktdc.com/en/Categories/a03722d3e3a011ea883f06c82c63b760/Industrial-Machinery-Parts-Raw-Materials,Engineering & Construction Machinery,https://sourcing.hktdc.com/en/Product-Catalog/Engineering-Construction-Machinery-a296839de3a011ea883f06c82c63b760/1,,,,,,,,,,,,,,,,,,,,,,,,,,,,,,,,,,,,,,,,,,,,,,,,,,,,,,,,,,,,,,
"Industrial Machinery, Parts & Raw Materials",https://sourcing.hktdc.com/en/Categories/a03722d3e3a011ea883f06c82c63b760/Industrial-Machinery-Parts-Raw-Materials,Eyewear Machinery,https://sourcing.hktdc.com/en/Product-Catalog/Eyewear-Machinery-a30d3c97e3a011ea883f06c82c63b760/1,,,,,,,,,,,,,,,,,,,,,,,,,,,,,,,,,,,,,,,,,,,,,,,,,,,,,,,,,,,,,,
"Industrial Machinery, Parts & Raw Materials",https://sourcing.hktdc.com/en/Categories/a03722d3e3a011ea883f06c82c63b760/Industrial-Machinery-Parts-Raw-Materials,Food & Beverage Machinery,https://sourcing.hktdc.com/en/Product-Catalog/Food-Beverage-Machinery-a38fabcae3a011ea883f06c82c63b760/1,,,,,,,,,,,,,,,,,,,,,,,,,,,,,,,,,,,,,,,,,,,,,,,,,,,,,,,,,,,,,,
"Industrial Machinery, Parts & Raw Materials",https://sourcing.hktdc.com/en/Categories/a03722d3e3a011ea883f06c82c63b760/Industrial-Machinery-Parts-Raw-Materials,General Industrial Machinery,https://sourcing.hktdc.com/en/Product-Catalog/General-Industrial-Machinery-a4115805e3a011ea883f06c82c63b760/1,,,,,,,,,,,,,,,,,,,,,,,,,,,,,,,,,,,,,,,,,,,,,,,,,,,,,,,,,,,,,,
"Industrial Machinery, Parts & Raw Materials",https://sourcing.hktdc.com/en/Categories/a03722d3e3a011ea883f06c82c63b760/Industrial-Machinery-Parts-Raw-Materials,Hand Tools,https://sourcing.hktdc.com/en/Product-Catalog/Hand-Tools-a4569133e3a011ea883f06c82c63b760/1,,,,,,,,,,,,,,,,,,,,,,,,,,,,,,,,,,,,,,,,,,,,,,,,,,,,,,,,,,,,,,
"Industrial Machinery, Parts & Raw Materials",https://sourcing.hktdc.com/en/Categories/a03722d3e3a011ea883f06c82c63b760/Industrial-Machinery-Parts-Raw-Materials,Jewellery Machinery,https://sourcing.hktdc.com/en/Product-Catalog/Jewellery-Machinery-a5ecab92e3a011ea883f06c82c63b760/1,,,,,,,,,,,,,,,,,,,,,,,,,,,,,,,,,,,,,,,,,,,,,,,,,,,,,,,,,,,,,,
"Industrial Machinery, Parts & Raw Materials",https://sourcing.hktdc.com/en/Categories/a03722d3e3a011ea883f06c82c63b760/Industrial-Machinery-Parts-Raw-Materials,Metal & Metallurgy Machinery,https://sourcing.hktdc.com/en/Product-Catalog/Metal-Metallurgy-Machinery-a63653d4e3a011ea883f06c82c63b760/1,,,,,,,,,,,,,,,,,,,,,,,,,,,,,,,,,,,,,,,,,,,,,,,,,,,,,,,,,,,,,,
"Industrial Machinery, Parts & Raw Materials",https://sourcing.hktdc.com/en/Categories/a03722d3e3a011ea883f06c82c63b760/Industrial-Machinery-Parts-Raw-Materials,Optical Equipment,https://sourcing.hktdc.com/en/Product-Catalog/Optical-Equipment-a6b332f5e3a011ea883f06c82c63b760/1,Binoculars,https://sourcing.hktdc.com/en/Product-Catalog/Binoculars-a776461de3a011ea883f06c82c63b760/1,Magnifiers,https://sourcing.hktdc.com/en/Product-Catalog/Magnifiers-a7c5c453e3a011ea883f06c82c63b760/1,Microscopes,https://sourcing.hktdc.com/en/Product-Catalog/Microscopes-a815b64be3a011ea883f06c82c63b760/1,Telescopes,https://sourcing.hktdc.com/en/Product-Catalog/Telescopes-a892e22de3a011ea883f06c82c63b760/1,,,,,,,,,,,,,,,,,,,,,,,,,,,,,,,,,,,,,,,,,,,,,,,,,,,,,,
"Industrial Machinery, Parts & Raw Materials",https://sourcing.hktdc.com/en/Categories/a03722d3e3a011ea883f06c82c63b760/Industrial-Machinery-Parts-Raw-Materials,Packaging Machines,https://sourcing.hktdc.com/en/Product-Catalog/Packaging-Machines-a8ef301be3a011ea883f06c82c63b760/1,,,,,,,,,,,,,,,,,,,,,,,,,,,,,,,,,,,,,,,,,,,,,,,,,,,,,,,,,,,,,,
"Industrial Machinery, Parts & Raw Materials",https://sourcing.hktdc.com/en/Categories/a03722d3e3a011ea883f06c82c63b760/Industrial-Machinery-Parts-Raw-Materials,Plastic & Rubber Machinery,https://sourcing.hktdc.com/en/Product-Catalog/Plastic-Rubber-Machinery-a97f46e4e3a011ea883f06c82c63b760/1,,,,,,,,,,,,,,,,,,,,,,,,,,,,,,,,,,,,,,,,,,,,,,,,,,,,,,,,,,,,,,
"Industrial Machinery, Parts & Raw Materials",https://sourcing.hktdc.com/en/Categories/a03722d3e3a011ea883f06c82c63b760/Industrial-Machinery-Parts-Raw-Materials,Printing Machines,https://sourcing.hktdc.com/en/Product-Catalog/Printing-Machines-a9f3b064e3a011ea883f06c82c63b760/1,,,,,,,,,,,,,,,,,,,,,,,,,,,,,,,,,,,,,,,,,,,,,,,,,,,,,,,,,,,,,,
"Industrial Machinery, Parts & Raw Materials",https://sourcing.hktdc.com/en/Categories/a03722d3e3a011ea883f06c82c63b760/Industrial-Machinery-Parts-Raw-Materials,Raw Materials,https://sourcing.hktdc.com/en/Product-Catalog/Raw-Materials-aa8b86ede3a011ea883f06c82c63b760/1,Adhesives & Sealants,https://sourcing.hktdc.com/en/Product-Catalog/Adhesives-Sealants-aacd0a79e3a011ea883f06c82c63b760/1,Charcoal & Coal,https://sourcing.hktdc.com/en/Product-Catalog/Charcoal-Coal-ab526fabe3a011ea883f06c82c63b760/1,Chemical Auxiliary Agents,https://sourcing.hktdc.com/en/Product-Catalog/Chemical-Auxiliary-Agents-abc6a156e3a011ea883f06c82c63b760/1,Fertilisers & Pesticides,https://sourcing.hktdc.com/en/Product-Catalog/Fertilisers-Pesticides-ac47af99e3a011ea883f06c82c63b760/1,Food Additives,https://sourcing.hktdc.com/en/Product-Catalog/Food-Additives-acca1ec0e3a011ea883f06c82c63b760/1,Inorganic Chemicals,https://sourcing.hktdc.com/en/Product-Catalog/Inorganic-Chemicals-ad39b1a4e3a011ea883f06c82c63b760/1,Organic Chemicals,https://sourcing.hktdc.com/en/Product-Catalog/Organic-Chemicals-ad99a03de3a011ea883f06c82c63b760/1,Petrochemical Products,https://sourcing.hktdc.com/en/Product-Catalog/Petrochemical-Products-adf0d96de3a011ea883f06c82c63b760/1,Pigments,https://sourcing.hktdc.com/en/Product-Catalog/Pigments-ae653ef6e3a011ea883f06c82c63b760/1,Plastic & Rubber,https://sourcing.hktdc.com/en/Product-Catalog/Plastic-Rubber-aee0b5e4e3a011ea883f06c82c63b760/1,Solder Paste,https://sourcing.hktdc.com/en/Product-Catalog/Solder-Paste-b005b7aae3a011ea883f06c82c63b760/1,,,,,,,,,,,,,,,,,,,,,,,,,,,,,,,,,,,,,,,,
Jewellery & Watch,https://sourcing.hktdc.com/en/Categories/b0683796e3a011ea883f06c82c63b760/Jewellery-Watch,Costume & Fashion Jewellery,https://sourcing.hktdc.com/en/Product-Catalog/Costume-Fashion-Jewellery-b07b3a92e3a011ea883f06c82c63b760/1,Bracelets & Bangles,https://sourcing.hktdc.com/en/Product-Catalog/Bracelets-Bangles-b13fecd2e3a011ea883f06c82c63b760/1,Brooches,https://sourcing.hktdc.com/en/Product-Catalog/Brooches-b251fba0e3a011ea883f06c82c63b760/1,Cuff Links & Tie Clips,https://sourcing.hktdc.com/en/Product-Catalog/Cuff-Links-Tie-Clips-b283f68de3a011ea883f06c82c63b760/1,Earrings,https://sourcing.hktdc.com/en/Product-Catalog/Earrings-b3133a1ae3a011ea883f06c82c63b760/1,Necklaces,https://sourcing.hktdc.com/en/Product-Catalog/Necklaces-b3ac92a6e3a011ea883f06c82c63b760/1,Pendants & Charms,https://sourcing.hktdc.com/en/Product-Catalog/Pendants-Charms-b455437ee3a011ea883f06c82c63b760/1,Rings,https://sourcing.hktdc.com/en/Product-Catalog/Rings-b4f70380e3a011ea883f06c82c63b760/1,,,,,,,,,,,,,,,,,,,,,,,,,,,,,,,,,,,,,,,,,,,,,,,,
Jewellery & Watch,https://sourcing.hktdc.com/en/Categories/b0683796e3a011ea883f06c82c63b760/Jewellery-Watch,Decoration & Crafts,https://sourcing.hktdc.com/en/Product-Catalog/Decoration-Crafts-b5b73ed9e3a011ea883f06c82c63b760/1,,,,,,,,,,,,,,,,,,,,,,,,,,,,,,,,,,,,,,,,,,,,,,,,,,,,,,,,,,,,,,
Jewellery & Watch,https://sourcing.hktdc.com/en/Categories/b0683796e3a011ea883f06c82c63b760/Jewellery-Watch,Fine Jewellery,https://sourcing.hktdc.com/en/Product-Catalog/Fine-Jewellery-b63ebd87e3a011ea883f06c82c63b760/1,Bracelets & Bangles,https://sourcing.hktdc.com/en/Product-Catalog/Bracelets-Bangles-b6da4e7ae3a011ea883f06c82c63b760/1,Brooches,https://sourcing.hktdc.com/en/Product-Catalog/Brooches-b849e507e3a011ea883f06c82c63b760/1,Cuff Links & Tie Clips,https://sourcing.hktdc.com/en/Product-Catalog/Cuff-Links-Tie-Clips-b93235d8e3a011ea883f06c82c63b760/1,Earrings,https://sourcing.hktdc.com/en/Product-Catalog/Earrings-b98244b6e3a011ea883f06c82c63b760/1,Fine Jewellery Set,https://sourcing.hktdc.com/en/Product-Catalog/Fine-Jewellery-Set-bb03eb01e3a011ea883f06c82c63b760/1,Hair Jewellery,https://sourcing.hktdc.com/en/Product-Catalog/Hair-Jewellery-bbcd5da5e3a011ea883f06c82c63b760/1,Necklaces,https://sourcing.hktdc.com/en/Product-Catalog/Necklaces-bbf00b91e3a011ea883f06c82c63b760/1,Pendants & Charms,https://sourcing.hktdc.com/en/Product-Catalog/Pendants-Charms-bceaa087e3a011ea883f06c82c63b760/1,Rings,https://sourcing.hktdc.com/en/Product-Catalog/Rings-bdf29818e3a011ea883f06c82c63b760/1,,,,,,,,,,,,,,,,,,,,,,,,,,,,,,,,,,,,,,,,,,,,
Jewellery & Watch,https://sourcing.hktdc.com/en/Categories/b0683796e3a011ea883f06c82c63b760/Jewellery-Watch,Jewellery Parts & Tools,https://sourcing.hktdc.com/en/Product-Catalog/Jewellery-Parts-Tools-bf1cc74ae3a011ea883f06c82c63b760/1,,,,,,,,,,,,,,,,,,,,,,,,,,,,,,,,,,,,,,,,,,,,,,,,,,,,,,,,,,,,,,
Jewellery & Watch,https://sourcing.hktdc.com/en/Categories/b0683796e3a011ea883f06c82c63b760/Jewellery-Watch,Loose Stones & Raw Materials,https://sourcing.hktdc.com/en/Product-Catalog/Loose-Stones-Raw-Materials-bfabfbe7e3a011ea883f06c82c63b760/1,Loose Beads,https://sourcing.hktdc.com/en/Product-Catalog/Loose-Beads-c3020712e3a011ea883f06c82c63b760/1,Loose Diamonds,https://sourcing.hktdc.com/en/Product-Catalog/Loose-Diamonds-c3229aa0e3a011ea883f06c82c63b760/1,Loose Pearls,https://sourcing.hktdc.com/en/Product-Catalog/Loose-Pearls-c356d876e3a011ea883f06c82c63b760/1,,,,,,,,,,,,,,,,,,,,,,,,,,,,,,,,,,,,,,,,,,,,,,,,,,,,,,,,
Jewellery & Watch,https://sourcing.hktdc.com/en/Categories/b0683796e3a011ea883f06c82c63b760/Jewellery-Watch,Packaging & Displaying Materials,https://sourcing.hktdc.com/en/Product-Catalog/Packaging-Displaying-Materials-c3bac4fce3a011ea883f06c82c63b760/1,Jewellery Box,https://sourcing.hktdc.com/en/Product-Catalog/Jewellery-Box-c4610a2fe3a011ea883f06c82c63b760/1,Watch Box,https://sourcing.hktdc.com/en/Product-Catalog/Watch-Box-c507aac8e3a011ea883f06c82c63b760/1,,,,,,,,,,,,,,,,,,,,,,,,,,,,,,,,,,,,,,,,,,,,,,,,,,,,,,,,,,
Jewellery & Watch,https://sourcing.hktdc.com/en/Categories/b0683796e3a011ea883f06c82c63b760/Jewellery-Watch,Synthetic Diamonds & Gemstones Jewellery,https://sourcing.hktdc.com/en/Product-Catalog/Synthetic-Diamonds-Gemstones-Jewellery-c66356d6e3a011ea883f06c82c63b760/1,,,,,,,,,,,,,,,,,,,,,,,,,,,,,,,,,,,,,,,,,,,,,,,,,,,,,,,,,,,,,,
Jewellery & Watch,https://sourcing.hktdc.com/en/Categories/b0683796e3a011ea883f06c82c63b760/Jewellery-Watch,Testing Equipment,https://sourcing.hktdc.com/en/Product-Catalog/Testing-Equipment-c6868329e3a011ea883f06c82c63b760/1,,,,,,,,,,,,,,,,,,,,,,,,,,,,,,,,,,,,,,,,,,,,,,,,,,,,,,,,,,,,,,
Jewellery & Watch,https://sourcing.hktdc.com/en/Categories/b0683796e3a011ea883f06c82c63b760/Jewellery-Watch,Watches & Clocks,https://sourcing.hktdc.com/en/Product-Catalog/Watches-Clocks-c6b2a977e3a011ea883f06c82c63b760/1,Clock Parts,https://sourcing.hktdc.com/en/Product-Catalog/Clock-Parts-c6bfc4f7e3a011ea883f06c82c63b760/1,Clocks,https://sourcing.hktdc.com/en/Product-Catalog/Clocks-c6fb066ee3a011ea883f06c82c63b760/1,Watch Parts,https://sourcing.hktdc.com/en/Product-Catalog/Watch-Parts-c8b171c2e3a011ea883f06c82c63b760/1,Watches,https://sourcing.hktdc.com/en/Product-Catalog/Watches-ca70742de3a011ea883f06c82c63b760/1,,,,,,,,,,,,,,,,,,,,,,,,,,,,,,,,,,,,,,,,,,,,,,,,,,,,,,
"Printing & Packaging, Stationery & Office Equipment",https://sourcing.hktdc.com/en/Categories/cd8501a8e3a011ea883f06c82c63b760/Printing-Packaging-Stationery-Office-Equipment,Metal Packaging,https://sourcing.hktdc.com/en/Product-Catalog/Metal-Packaging-cee3aa3ae3a011ea883f06c82c63b760/1,,,,,,,,,,,,,,,,,,,,,,,,,,,,,,,,,,,,,,,,,,,,,,,,,,,,,,,,,,,,,,
"Printing & Packaging, Stationery & Office Equipment",https://sourcing.hktdc.com/en/Categories/cd8501a8e3a011ea883f06c82c63b760/Printing-Packaging-Stationery-Office-Equipment,Office Equipment,https://sourcing.hktdc.com/en/Product-Catalog/Office-Equipment-cfad9146e3a011ea883f06c82c63b760/1,,,,,,,,,,,,,,,,,,,,,,,,,,,,,,,,,,,,,,,,,,,,,,,,,,,,,,,,,,,,,,
"Printing & Packaging, Stationery & Office Equipment",https://sourcing.hktdc.com/en/Categories/cd8501a8e3a011ea883f06c82c63b760/Printing-Packaging-Stationery-Office-Equipment,Packaging Materials,https://sourcing.hktdc.com/en/Product-Catalog/Packaging-Materials-d0b0611ce3a011ea883f06c82c63b760/1,Disposable Containers,https://sourcing.hktdc.com/en/Product-Catalog/Disposable-Containers-d211c48de3a011ea883f06c82c63b760/1,Food Wrap/ Bags,https://sourcing.hktdc.com/en/Product-Catalog/Food-Wrap-Bags-d2528350e3a011ea883f06c82c63b760/1,Paper Bags (for food),https://sourcing.hktdc.com/en/Product-Catalog/Paper-Bags-for-food--d2836f9de3a011ea883f06c82c63b760/1,Plastic Bags,https://sourcing.hktdc.com/en/Product-Catalog/Plastic-Bags-d2b313d8e3a011ea883f06c82c63b760/1,Wine Bags,https://sourcing.hktdc.com/en/Product-Catalog/Wine-Bags-d30a7b5ce3a011ea883f06c82c63b760/1,,,,,,,,,,,,,,,,,,,,,,,,,,,,,,,,,,,,,,,,,,,,,,,,,,,,
"Printing & Packaging, Stationery & Office Equipment",https://sourcing.hktdc.com/en/Categories/cd8501a8e3a011ea883f06c82c63b760/Printing-Packaging-Stationery-Office-Equipment,Paper Packaging,https://sourcing.hktdc.com/en/Product-Catalog/Paper-Packaging-d3755b5de3a011ea883f06c82c63b760/1,,,,,,,,,,,,,,,,,,,,,,,,,,,,,,,,,,,,,,,,,,,,,,,,,,,,,,,,,,,,,,
"Printing & Packaging, Stationery & Office Equipment",https://sourcing.hktdc.com/en/Categories/cd8501a8e3a011ea883f06c82c63b760/Printing-Packaging-Stationery-Office-Equipment,Plastic Packaging,https://sourcing.hktdc.com/en/Product-Catalog/Plastic-Packaging-d40478c0e3a011ea883f06c82c63b760/1,,,,,,,,,,,,,,,,,,,,,,,,,,,,,,,,,,,,,,,,,,,,,,,,,,,,,,,,,,,,,,
"Printing & Packaging, Stationery & Office Equipment",https://sourcing.hktdc.com/en/Categories/cd8501a8e3a011ea883f06c82c63b760/Printing-Packaging-Stationery-Office-Equipment,Printed Matters,https://sourcing.hktdc.com/en/Product-Catalog/Printed-Matters-d65c3832e3a011ea883f06c82c63b760/1,Books & Magazines,https://sourcing.hktdc.com/en/Product-Catalog/Books-Magazines-d734cd2fe3a011ea883f06c82c63b760/1,Cards,https://sourcing.hktdc.com/en/Product-Catalog/Cards-d7906a72e3a011ea883f06c82c63b760/1,,,,,,,,,,,,,,,,,,,,,,,,,,,,,,,,,,,,,,,,,,,,,,,,,,,,,,,,,,
"Printing & Packaging, Stationery & Office Equipment",https://sourcing.hktdc.com/en/Categories/cd8501a8e3a011ea883f06c82c63b760/Printing-Packaging-Stationery-Office-Equipment,Printing & Packaging Equipment,https://sourcing.hktdc.com/en/Product-Catalog/Printing-Packaging-Equipment-d7d41510e3a011ea883f06c82c63b760/1,,,,,,,,,,,,,,,,,,,,,,,,,,,,,,,,,,,,,,,,,,,,,,,,,,,,,,,,,,,,,,
"Printing & Packaging, Stationery & Office Equipment",https://sourcing.hktdc.com/en/Categories/cd8501a8e3a011ea883f06c82c63b760/Printing-Packaging-Stationery-Office-Equipment,Printing & Publishing Service,https://sourcing.hktdc.com/en/Product-Catalog/Printing-Publishing-Service-d8a4aea6e3a011ea883f06c82c63b760/1,Book & Magazine Publishing,https://sourcing.hktdc.com/en/Product-Catalog/Book-Magazine-Publishing-d8a780ace3a011ea883f06c82c63b760/1,,,,,,,,,,,,,,,,,,,,,,,,,,,,,,,,,,,,,,,,,,,,,,,,,,,,,,,,,,,,
"Printing & Packaging, Stationery & Office Equipment",https://sourcing.hktdc.com/en/Categories/cd8501a8e3a011ea883f06c82c63b760/Printing-Packaging-Stationery-Office-Equipment,Printing Consumables,https://sourcing.hktdc.com/en/Product-Catalog/Printing-Consumables-da4ca640e3a011ea883f06c82c63b760/1,,,,,,,,,,,,,,,,,,,,,,,,,,,,,,,,,,,,,,,,,,,,,,,,,,,,,,,,,,,,,,
"Printing & Packaging, Stationery & Office Equipment",https://sourcing.hktdc.com/en/Categories/cd8501a8e3a011ea883f06c82c63b760/Printing-Packaging-Stationery-Office-Equipment,Stationery,https://sourcing.hktdc.com/en/Product-Catalog/Stationery-dad7b9dee3a011ea883f06c82c63b760/1,Adhesives,https://sourcing.hktdc.com/en/Product-Catalog/Adhesives-e0eaf206e3a011ea883f06c82c63b760/1,Art Supplies,https://sourcing.hktdc.com/en/Product-Catalog/Art-Supplies-e1fbf962e3a011ea883f06c82c63b760/1,Badge Holders,https://sourcing.hktdc.com/en/Product-Catalog/Badge-Holders-e36f8708e3a011ea883f06c82c63b760/1,Boards,https://sourcing.hktdc.com/en/Product-Catalog/Boards-e3f2abfbe3a011ea883f06c82c63b760/1,Calculators,https://sourcing.hktdc.com/en/Product-Catalog/Calculators-e44d4a42e3a011ea883f06c82c63b760/1,Calendars,https://sourcing.hktdc.com/en/Product-Catalog/Calendars-e5035514e3a011ea883f06c82c63b760/1,Files & Organizers,https://sourcing.hktdc.com/en/Product-Catalog/Files-Organizers-e5af66cee3a011ea883f06c82c63b760/1,Gift Packaging,https://sourcing.hktdc.com/en/Product-Catalog/Gift-Packaging-e7169ff4e3a011ea883f06c82c63b760/1,Inks,https://sourcing.hktdc.com/en/Product-Catalog/Inks-ea0f0d08e3a011ea883f06c82c63b760/1,Notebooks & Writing Pads,https://sourcing.hktdc.com/en/Product-Catalog/Notebooks-Writing-Pads-ea6650fee3a011ea883f06c82c63b760/1,Pencil Boxes/ Cases,https://sourcing.hktdc.com/en/Product-Catalog/Pencil-Boxes-Cases-eb6e87efe3a011ea883f06c82c63b760/1,Pencil Sharpeners,https://sourcing.hktdc.com/en/Product-Catalog/Pencil-Sharpeners-ebaec7aee3a011ea883f06c82c63b760/1,Pens,https://sourcing.hktdc.com/en/Product-Catalog/Pens-ebe53794e3a011ea883f06c82c63b760/1,Stationery Sets,https://sourcing.hktdc.com/en/Product-Catalog/Stationery-Sets-ed2292d7e3a011ea883f06c82c63b760/1,,,,,,,,,,,,,,,,,,,,,,,,,,,,,,,,,,
Professional Services,https://sourcing.hktdc.com/en/Categories/ed5d7561e3a011ea883f06c82c63b760/Professional-Services,Accounting & Finance,https://sourcing.hktdc.com/en/Service-Provider/Accounting-Finance-ede3eb89e3a011ea883f06c82c63b760/1,Auditing,https://sourcing.hktdc.com/en/Service-Provider/Auditing-ef370955e3a011ea883f06c82c63b760/1,Banking Service,https://sourcing.hktdc.com/en/Service-Provider/Banking-Service-ef4de1e4e3a011ea883f06c82c63b760/1,Certified Public Accountant,https://sourcing.hktdc.com/en/Service-Provider/Certified-Public-Accountant-efb81338e3a011ea883f06c82c63b760/1,Corporate Secretarial Service,https://sourcing.hktdc.com/en/Service-Provider/Corporate-Secretarial-Service-efd4b9f5e3a011ea883f06c82c63b760/1,Equity Market,https://sourcing.hktdc.com/en/Service-Provider/Equity-Market-eff0f74de3a011ea883f06c82c63b760/1,IPO,https://sourcing.hktdc.com/en/Service-Provider/IPO-f1627fc3e3a011ea883f06c82c63b760/1,Insurance,https://sourcing.hktdc.com/en/Service-Provider/Insurance-f0282714e3a011ea883f06c82c63b760/1,Investment Advisory,https://sourcing.hktdc.com/en/Service-Provider/Investment-Advisory-f135f56fe3a011ea883f06c82c63b760/1,Taxation,https://sourcing.hktdc.com/en/Service-Provider/Taxation-f17aa536e3a011ea883f06c82c63b760/1,Venture Capital & Private Equity,https://sourcing.hktdc.com/en/Service-Provider/Venture-Capital-Private-Equity-f19e38cee3a011ea883f06c82c63b760/1,,,,,,,,,,,,,,,,,,,,,,,,,,,,,,,,,,,,,,,,,,
Professional Services,https://sourcing.hktdc.com/en/Categories/ed5d7561e3a011ea883f06c82c63b760/Professional-Services,Asset & Fund Investment,https://sourcing.hktdc.com/en/Service-Provider/Asset-Fund-Investment-f1e308f5e3a011ea883f06c82c63b760/1,,,,,,,,,,,,,,,,,,,,,,,,,,,,,,,,,,,,,,,,,,,,,,,,,,,,,,,,,,,,,,
Professional Services,https://sourcing.hktdc.com/en/Categories/ed5d7561e3a011ea883f06c82c63b760/Professional-Services,"Business Research, Management, Consultancy & General Services",https://sourcing.hktdc.com/en/Service-Provider/Business-Research-Management-Consultancy-General-Services-f2092cd4e3a011ea883f06c82c63b760/1,Compliance & Quality Control,https://sourcing.hktdc.com/en/Service-Provider/Compliance-Quality-Control-f3207e98e3a011ea883f06c82c63b760/1,E-Commerce Consultancy,https://sourcing.hktdc.com/en/Service-Provider/E-Commerce-Consultancy-f34c0440e3a011ea883f06c82c63b760/1,Human Resources Management,https://sourcing.hktdc.com/en/Service-Provider/Human-Resources-Management-f38775d8e3a011ea883f06c82c63b760/1,Immigration Consultancy Service,https://sourcing.hktdc.com/en/Service-Provider/Immigration-Consultancy-Service-f3b762b0e3a011ea883f06c82c63b760/1,Legal Services,https://sourcing.hktdc.com/en/Service-Provider/Legal-Services-f3ded378e3a011ea883f06c82c63b760/1,Risk Analysis Management,https://sourcing.hktdc.com/en/Service-Provider/Risk-Analysis-Management-f405d56ee3a011ea883f06c82c63b760/1,Translation & Interpretation,https://sourcing.hktdc.com/en/Service-Provider/Translation-Interpretation-f42b8132e3a011ea883f06c82c63b760/1,,,,,,,,,,,,,,,,,,,,,,,,,,,,,,,,,,,,,,,,,,,,,,,,
Professional Services,https://sourcing.hktdc.com/en/Categories/ed5d7561e3a011ea883f06c82c63b760/Professional-Services,Education & Training,https://sourcing.hktdc.com/en/Service-Provider/Education-Training-f45d19e4e3a011ea883f06c82c63b760/1,Distance Learning Programs,https://sourcing.hktdc.com/en/Service-Provider/Distance-Learning-Programs-f609dbd6e3a011ea883f06c82c63b760/1,Education Consultancy Service,https://sourcing.hktdc.com/en/Service-Provider/Education-Consultancy-Service-f630fe59e3a011ea883f06c82c63b760/1,Education Institutes,https://sourcing.hktdc.com/en/Service-Provider/Education-Institutes-f6b47005e3a011ea883f06c82c63b760/1,Professional Training Courses,https://sourcing.hktdc.com/en/Service-Provider/Professional-Training-Courses-f6cb8be3e3a011ea883f06c82c63b760/1,Student Exchange Programs,https://sourcing.hktdc.com/en/Service-Provider/Student-Exchange-Programs-f6df509ae3a011ea883f06c82c63b760/1,,,,,,,,,,,,,,,,,,,,,,,,,,,,,,,,,,,,,,,,,,,,,,,,,,,,
Professional Services,https://sourcing.hktdc.com/en/Categories/ed5d7561e3a011ea883f06c82c63b760/Professional-Services,Engineering,https://sourcing.hktdc.com/en/Service-Provider/Engineering-f6f27509e3a011ea883f06c82c63b760/1,Aircraft Maintenance,https://sourcing.hktdc.com/en/Service-Provider/Aircraft-Maintenance-f6f4dc28e3a011ea883f06c82c63b760/1,"Architectural, Building & Civil Engneering",https://sourcing.hktdc.com/en/Service-Provider/Architectural-Building-Civil-Engneering-f706e843e3a011ea883f06c82c63b760/1,Biotechnology Engineering,https://sourcing.hktdc.com/en/Service-Provider/Biotechnology-Engineering-f9c6911fe3a011ea883f06c82c63b760/1,Electrical & Electronic Engineering,https://sourcing.hktdc.com/en/Service-Provider/Electrical-Electronic-Engineering-f9d9649ae3a011ea883f06c82c63b760/1,Environmental Engineering,https://sourcing.hktdc.com/en/Service-Provider/Environmental-Engineering-fa18dbdae3a011ea883f06c82c63b760/1,Marine Engineering,https://sourcing.hktdc.com/en/Service-Provider/Marine-Engineering-fa4b0226e3a011ea883f06c82c63b760/1,,,,,,,,,,,,,,,,,,,,,,,,,,,,,,,,,,,,,,,,,,,,,,,,,,
Professional Services,https://sourcing.hktdc.com/en/Categories/ed5d7561e3a011ea883f06c82c63b760/Professional-Services,Environmental Protection,https://sourcing.hktdc.com/en/Service-Provider/Environmental-Protection-fba499cde3a011ea883f06c82c63b760/1,"Environmental Advisory, Management & Consultancy",https://sourcing.hktdc.com/en/Service-Provider/Environmental-Advisory-Management-Consultancy-fc269664e3a011ea883f06c82c63b760/1,Recycling Management,https://sourcing.hktdc.com/en/Service-Provider/Recycling-Management-fc7d2dd7e3a011ea883f06c82c63b760/1,Testing Services,https://sourcing.hktdc.com/en/Service-Provider/Testing-Services-fc8e8e8ae3a011ea883f06c82c63b760/1,Urban Planning,https://sourcing.hktdc.com/en/Service-Provider/Urban-Planning-fcaac5ede3a011ea883f06c82c63b760/1,"Waste, Recycling & Sewage Management",https://sourcing.hktdc.com/en/Service-Provider/Waste-Recycling-Sewage-Management-fcd3c859e3a011ea883f06c82c63b760/1,,,,,,,,,,,,,,,,,,,,,,,,,,,,,,,,,,,,,,,,,,,,,,,,,,,,
Professional Services,https://sourcing.hktdc.com/en/Categories/ed5d7561e3a011ea883f06c82c63b760/Professional-Services,Food & Beverage,https://sourcing.hktdc.com/en/Service-Provider/Food-Beverage-ff695c99e3a011ea883f06c82c63b760/1,,,,,,,,,,,,,,,,,,,,,,,,,,,,,,,,,,,,,,,,,,,,,,,,,,,,,,,,,,,,,,
Professional Services,https://sourcing.hktdc.com/en/Categories/ed5d7561e3a011ea883f06c82c63b760/Professional-Services,Franchising & Licensing,https://sourcing.hktdc.com/en/Service-Provider/Franchising-Licensing-ff9bd700e3a011ea883f06c82c63b760/1,Franchising,https://sourcing.hktdc.com/en/Service-Provider/Franchising-ffc486e6e3a011ea883f06c82c63b760/1,Licensing,https://sourcing.hktdc.com/en/Service-Provider/Licensing-ffdb847be3a011ea883f06c82c63b760/1,,,,,,,,,,,,,,,,,,,,,,,,,,,,,,,,,,,,,,,,,,,,,,,,,,,,,,,,,,
Professional Services,https://sourcing.hktdc.com/en/Categories/ed5d7561e3a011ea883f06c82c63b760/Professional-Services,Government Organizations,https://sourcing.hktdc.com/en/Service-Provider/Government-Organizations-fff4c23ae3a011ea883f06c82c63b760/1,,,,,,,,,,,,,,,,,,,,,,,,,,,,,,,,,,,,,,,,,,,,,,,,,,,,,,,,,,,,,,
Professional Services,https://sourcing.hktdc.com/en/Categories/ed5d7561e3a011ea883f06c82c63b760/Professional-Services,Information Technology,https://sourcing.hktdc.com/en/Service-Provider/Information-Technology-00119714e3a111ea883f06c82c63b760/1,Software Design & Service,https://sourcing.hktdc.com/en/Service-Provider/Software-Design-Service-03c7298de3a111ea883f06c82c63b760/1,System Design & Implementation,https://sourcing.hktdc.com/en/Service-Provider/System-Design-Implementation-05d7c547e3a111ea883f06c82c63b760/1,Technology Consultancy Service,https://sourcing.hktdc.com/en/Service-Provider/Technology-Consultancy-Service-06356900e3a111ea883f06c82c63b760/1,Telecommunication Services,https://sourcing.hktdc.com/en/Service-Provider/Telecommunication-Services-064d4aede3a111ea883f06c82c63b760/1,,,,,,,,,,,,,,,,,,,,,,,,,,,,,,,,,,,,,,,,,,,,,,,,,,,,,,
Professional Services,https://sourcing.hktdc.com/en/Categories/ed5d7561e3a011ea883f06c82c63b760/Professional-Services,Jewellery & Watch,https://sourcing.hktdc.com/en/Service-Provider/Jewellery-Watch-0700ee32e3a111ea883f06c82c63b760/1,,,,,,,,,,,,,,,,,,,,,,,,,,,,,,,,,,,,,,,,,,,,,,,,,,,,,,,,,,,,,,
Professional Services,https://sourcing.hktdc.com/en/Categories/ed5d7561e3a011ea883f06c82c63b760/Professional-Services,Legal Services,https://sourcing.hktdc.com/en/Service-Provider/Legal-Services-0718c698e3a111ea883f06c82c63b760/1,Administrative & Public Laws,https://sourcing.hktdc.com/en/Service-Provider/Administrative-Public-Laws-0824858be3a111ea883f06c82c63b760/1,Custom Broker,https://sourcing.hktdc.com/en/Service-Provider/Custom-Broker-083e03d2e3a111ea883f06c82c63b760/1,Industrial Laws,https://sourcing.hktdc.com/en/Service-Provider/Industrial-Laws-0866c6a2e3a111ea883f06c82c63b760/1,,,,,,,,,,,,,,,,,,,,,,,,,,,,,,,,,,,,,,,,,,,,,,,,,,,,,,,,
Professional Services,https://sourcing.hktdc.com/en/Categories/ed5d7561e3a011ea883f06c82c63b760/Professional-Services,Logistics & Transportation,https://sourcing.hktdc.com/en/Service-Provider/Logistics-Transportation-0884688ce3a111ea883f06c82c63b760/1,Air Cargo,https://sourcing.hktdc.com/en/Service-Provider/Air-Cargo-093bccf8e3a111ea883f06c82c63b760/1,Automobile Repairing & Maintenance Service,https://sourcing.hktdc.com/en/Service-Provider/Automobile-Repairing-Maintenance-Service-096984cfe3a111ea883f06c82c63b760/1,Courier Service,https://sourcing.hktdc.com/en/Service-Provider/Courier-Service-099607f7e3a111ea883f06c82c63b760/1,Land Transport,https://sourcing.hktdc.com/en/Service-Provider/Land-Transport-09bcbff8e3a111ea883f06c82c63b760/1,Logistics Management & Consultancy,https://sourcing.hktdc.com/en/Service-Provider/Logistics-Management-Consultancy-0a0bbe91e3a111ea883f06c82c63b760/1,Marine & Cargo Surveying,https://sourcing.hktdc.com/en/Service-Provider/Marine-Cargo-Surveying-0a454265e3a111ea883f06c82c63b760/1,Maritime Legal Service,https://sourcing.hktdc.com/en/Service-Provider/Maritime-Legal-Service-0ab4b735e3a111ea883f06c82c63b760/1,Passenger Transport,https://sourcing.hktdc.com/en/Service-Provider/Passenger-Transport-0add2133e3a111ea883f06c82c63b760/1,Removal & Relocation Service,https://sourcing.hktdc.com/en/Service-Provider/Removal-Relocation-Service-0b1da825e3a111ea883f06c82c63b760/1,Sea Transport,https://sourcing.hktdc.com/en/Service-Provider/Sea-Transport-0b48db5ae3a111ea883f06c82c63b760/1,Ship Management,https://sourcing.hktdc.com/en/Service-Provider/Ship-Management-0b726b0ce3a111ea883f06c82c63b760/1,,,,,,,,,,,,,,,,,,,,,,,,,,,,,,,,,,,,,,,,
Professional Services,https://sourcing.hktdc.com/en/Categories/ed5d7561e3a011ea883f06c82c63b760/Professional-Services,Marketing & Public Relations,https://sourcing.hktdc.com/en/Service-Provider/Marketing-Public-Relations-0b9a84f9e3a111ea883f06c82c63b760/1,"Advertising Consultancy, Management & Production",https://sourcing.hktdc.com/en/Service-Provider/Advertising-Consultancy-Management-Production-0c3ba675e3a111ea883f06c82c63b760/1,Brand Strategy,https://sourcing.hktdc.com/en/Service-Provider/Brand-Strategy-0d9c146ae3a111ea883f06c82c63b760/1,Event Management,https://sourcing.hktdc.com/en/Service-Provider/Event-Management-0e285366e3a111ea883f06c82c63b760/1,Graphic Design & Production,https://sourcing.hktdc.com/en/Service-Provider/Graphic-Design-Production-0ef83478e3a111ea883f06c82c63b760/1,Market Research & Consultancy,https://sourcing.hktdc.com/en/Service-Provider/Market-Research-Consultancy-0f78bf73e3a111ea883f06c82c63b760/1,Media Production,https://sourcing.hktdc.com/en/Service-Provider/Media-Production-0fc21b28e3a111ea883f06c82c63b760/1,Photography,https://sourcing.hktdc.com/en/Service-Provider/Photography-11e1183ee3a111ea883f06c82c63b760/1,Web Design,https://sourcing.hktdc.com/en/Service-Provider/Web-Design-12729b88e3a111ea883f06c82c63b760/1,,,,,,,,,,,,,,,,,,,,,,,,,,,,,,,,,,,,,,,,,,,,,,
Professional Services,https://sourcing.hktdc.com/en/Categories/ed5d7561e3a011ea883f06c82c63b760/Professional-Services,Medical & Healthcare,https://sourcing.hktdc.com/en/Service-Provider/Medical-Healthcare-12a4b23be3a111ea883f06c82c63b760/1,Acupuncture Treatment,https://sourcing.hktdc.com/en/Service-Provider/Acupuncture-Treatment-12efcfc6e3a111ea883f06c82c63b760/1,Beauty & Hair Service,https://sourcing.hktdc.com/en/Service-Provider/Beauty-Hair-Service-1301c1cde3a111ea883f06c82c63b760/1,Child Care,https://sourcing.hktdc.com/en/Service-Provider/Child-Care-13190657e3a111ea883f06c82c63b760/1,Chinese Medicine & Treatment,https://sourcing.hktdc.com/en/Service-Provider/Chinese-Medicine-Treatment-132fa9e7e3a111ea883f06c82c63b760/1,Clinics & Medical Centres,https://sourcing.hktdc.com/en/Service-Provider/Clinics-Medical-Centres-134779b3e3a111ea883f06c82c63b760/1,Dental Care,https://sourcing.hktdc.com/en/Service-Provider/Dental-Care-135a4951e3a111ea883f06c82c63b760/1,Dietitian,https://sourcing.hktdc.com/en/Service-Provider/Dietitian-136c7638e3a111ea883f06c82c63b760/1,Elderly Care,https://sourcing.hktdc.com/en/Service-Provider/Elderly-Care-137e2b6fe3a111ea883f06c82c63b760/1,"Laboratory, Testing & Medical Analysis",https://sourcing.hktdc.com/en/Service-Provider/Laboratory-Testing-Medical-Analysis-1390225ee3a111ea883f06c82c63b760/1,Pet Grooming,https://sourcing.hktdc.com/en/Service-Provider/Pet-Grooming-13a6d58ee3a111ea883f06c82c63b760/1,Pharmacy & Drugstore,https://sourcing.hktdc.com/en/Service-Provider/Pharmacy-Drugstore-13b8eb43e3a111ea883f06c82c63b760/1,Physiotherapy,https://sourcing.hktdc.com/en/Service-Provider/Physiotherapy-13d02733e3a111ea883f06c82c63b760/1,Rehabilitation Centre,https://sourcing.hktdc.com/en/Service-Provider/Rehabilitation-Centre-13e1eff3e3a111ea883f06c82c63b760/1,Speech & Hearing Therapy,https://sourcing.hktdc.com/en/Service-Provider/Speech-Hearing-Therapy-13f4f3ace3a111ea883f06c82c63b760/1,Veterinary Clinics,https://sourcing.hktdc.com/en/Service-Provider/Veterinary-Clinics-1407f2a5e3a111ea883f06c82c63b760/1,,,,,,,,,,,,,,,,,,,,,,,,,,,,,,,,
Professional Services,https://sourcing.hktdc.com/en/Categories/ed5d7561e3a011ea883f06c82c63b760/Professional-Services,Organizations & Trade Associations,https://sourcing.hktdc.com/en/Service-Provider/Organizations-Trade-Associations-141a1a63e3a111ea883f06c82c63b760/1,,,,,,,,,,,,,,,,,,,,,,,,,,,,,,,,,,,,,,,,,,,,,,,,,,,,,,,,,,,,,,
Professional Services,https://sourcing.hktdc.com/en/Categories/ed5d7561e3a011ea883f06c82c63b760/Professional-Services,Packaging Services,https://sourcing.hktdc.com/en/Service-Provider/Packaging-Services-147c095ae3a111ea883f06c82c63b760/1,Food Packaging,https://sourcing.hktdc.com/en/Service-Provider/Food-Packaging-168b3102e3a111ea883f06c82c63b760/1,,,,,,,,,,,,,,,,,,,,,,,,,,,,,,,,,,,,,,,,,,,,,,,,,,,,,,,,,,,,
Professional Services,https://sourcing.hktdc.com/en/Categories/ed5d7561e3a011ea883f06c82c63b760/Professional-Services,Printing & Publishing Services,https://sourcing.hktdc.com/en/Service-Provider/Printing-Publishing-Services-16dd07ade3a111ea883f06c82c63b760/1,Book & Magazine Printing,https://sourcing.hktdc.com/en/Service-Provider/Book-Magazine-Printing-19b928f9e3a111ea883f06c82c63b760/1,Book & Magazine Publishing,https://sourcing.hktdc.com/en/Service-Provider/Book-Magazine-Publishing-19e49eb5e3a111ea883f06c82c63b760/1,Transfer Printing,https://sourcing.hktdc.com/en/Service-Provider/Transfer-Printing-1a5aff2ce3a111ea883f06c82c63b760/1,,,,,,,,,,,,,,,,,,,,,,,,,,,,,,,,,,,,,,,,,,,,,,,,,,,,,,,,
Professional Services,https://sourcing.hktdc.com/en/Categories/ed5d7561e3a011ea883f06c82c63b760/Professional-Services,Product Design,https://sourcing.hktdc.com/en/Service-Provider/Product-Design-1abe67a1e3a111ea883f06c82c63b760/1,Automobile & Parts,https://sourcing.hktdc.com/en/Service-Provider/Automobile-Parts-1b1f43f5e3a111ea883f06c82c63b760/1,"Fashion, Garments & Accessories",https://sourcing.hktdc.com/en/Service-Provider/Fashion-Garments-Accessories-1b41814ce3a111ea883f06c82c63b760/1,Footwear,https://sourcing.hktdc.com/en/Service-Provider/Footwear-1baa4a01e3a111ea883f06c82c63b760/1,Homewares & Furniture,https://sourcing.hktdc.com/en/Service-Provider/Homewares-Furniture-1bc17ce3e3a111ea883f06c82c63b760/1,Interior Design,https://sourcing.hktdc.com/en/Service-Provider/Interior-Design-1be4585be3a111ea883f06c82c63b760/1,Jewellery & Watch,https://sourcing.hktdc.com/en/Service-Provider/Jewellery-Watch-1c41f454e3a111ea883f06c82c63b760/1,Lighting,https://sourcing.hktdc.com/en/Service-Provider/Lighting-1cab0916e3a111ea883f06c82c63b760/1,Toys & Games,https://sourcing.hktdc.com/en/Service-Provider/Toys-Games-1ccd4381e3a111ea883f06c82c63b760/1,,,,,,,,,,,,,,,,,,,,,,,,,,,,,,,,,,,,,,,,,,,,,,
Professional Services,https://sourcing.hktdc.com/en/Categories/ed5d7561e3a011ea883f06c82c63b760/Professional-Services,"Quality Inspection, Compliance & Testing Service",https://sourcing.hktdc.com/en/Service-Provider/Quality-Inspection-Compliance-Testing-Service-1d0807a8e3a111ea883f06c82c63b760/1,,,,,,,,,,,,,,,,,,,,,,,,,,,,,,,,,,,,,,,,,,,,,,,,,,,,,,,,,,,,,,
Professional Services,https://sourcing.hktdc.com/en/Categories/ed5d7561e3a011ea883f06c82c63b760/Professional-Services,Real Estate,https://sourcing.hktdc.com/en/Service-Provider/Real-Estate-1ddde7ebe3a111ea883f06c82c63b760/1,,,,,,,,,,,,,,,,,,,,,,,,,,,,,,,,,,,,,,,,,,,,,,,,,,,,,,,,,,,,,,
Professional Services,https://sourcing.hktdc.com/en/Categories/ed5d7561e3a011ea883f06c82c63b760/Professional-Services,Shoe Repairing,https://sourcing.hktdc.com/en/Service-Provider/Shoe-Repairing-1ec4d049e3a111ea883f06c82c63b760/1,,,,,,,,,,,,,,,,,,,,,,,,,,,,,,,,,,,,,,,,,,,,,,,,,,,,,,,,,,,,,,
Professional Services,https://sourcing.hktdc.com/en/Categories/ed5d7561e3a011ea883f06c82c63b760/Professional-Services,Storage Service,https://sourcing.hktdc.com/en/Service-Provider/Storage-Service-1edc7cace3a111ea883f06c82c63b760/1,Cold Storage,https://sourcing.hktdc.com/en/Service-Provider/Cold-Storage-1f093198e3a111ea883f06c82c63b760/1,Container Freight Station,https://sourcing.hktdc.com/en/Service-Provider/Container-Freight-Station-1f1b5400e3a111ea883f06c82c63b760/1,Dangerous Goods Handling,https://sourcing.hktdc.com/en/Service-Provider/Dangerous-Goods-Handling-1f324580e3a111ea883f06c82c63b760/1,Delivery,https://sourcing.hktdc.com/en/Service-Provider/Delivery-1f45d8ffe3a111ea883f06c82c63b760/1,General Cargo Warehousing,https://sourcing.hktdc.com/en/Service-Provider/General-Cargo-Warehousing-1f5ceff3e3a111ea883f06c82c63b760/1,Storage Equipment & System,https://sourcing.hktdc.com/en/Service-Provider/Storage-Equipment-System-1f6f5daae3a111ea883f06c82c63b760/1,,,,,,,,,,,,,,,,,,,,,,,,,,,,,,,,,,,,,,,,,,,,,,,,,,
Professional Services,https://sourcing.hktdc.com/en/Categories/ed5d7561e3a011ea883f06c82c63b760/Professional-Services,Surveying,https://sourcing.hktdc.com/en/Service-Provider/Surveying-1f8942a0e3a111ea883f06c82c63b760/1,,,,,,,,,,,,,,,,,,,,,,,,,,,,,,,,,,,,,,,,,,,,,,,,,,,,,,,,,,,,,,
Professional Services,https://sourcing.hktdc.com/en/Categories/ed5d7561e3a011ea883f06c82c63b760/Professional-Services,"Technology, R&D",https://sourcing.hktdc.com/en/Service-Provider/Technology-R-D-2102ae8ce3a111ea883f06c82c63b760/1,,,,,,,,,,,,,,,,,,,,,,,,,,,,,,,,,,,,,,,,,,,,,,,,,,,,,,,,,,,,,,
Professional Services,https://sourcing.hktdc.com/en/Categories/ed5d7561e3a011ea883f06c82c63b760/Professional-Services,Tourism & Hotel,https://sourcing.hktdc.com/en/Service-Provider/Tourism-Hotel-2148a9bde3a111ea883f06c82c63b760/1,Catering Management,https://sourcing.hktdc.com/en/Service-Provider/Catering-Management-21861dc8e3a111ea883f06c82c63b760/1,Hostels & Guest Houses,https://sourcing.hktdc.com/en/Service-Provider/Hostels-Guest-Houses-21a3a115e3a111ea883f06c82c63b760/1,Hotels,https://sourcing.hktdc.com/en/Service-Provider/Hotels-21bb0669e3a111ea883f06c82c63b760/1,Ticketing Agents,https://sourcing.hktdc.com/en/Service-Provider/Ticketing-Agents-21d703e1e3a111ea883f06c82c63b760/1,Tour Operator,https://sourcing.hktdc.com/en/Service-Provider/Tour-Operator-21e94ed0e3a111ea883f06c82c63b760/1,Travel Agents,https://sourcing.hktdc.com/en/Service-Provider/Travel-Agents-21fd8dc8e3a111ea883f06c82c63b760/1,,,,,,,,,,,,,,,,,,,,,,,,,,,,,,,,,,,,,,,,,,,,,,,,,,